1,,Condado,014-041-127-01,Privada,Solar,En desuso,4,Pacific,Ocean Park,805,Alvarez José Co José R. Jarabo,,,,Se Vende,#N/A,#N/A
2,,Condado,014-041-131-02,Privada,Solar,En desuso,2,Yardley Place ,Ocean Park,421,"EV Properties, Inc. ",,,,,#N/A,#N/A
3,,Condado,041-041-131-03,Privada,Solar,En desuso,3,Yardley Place ,Ocean Park,335,"EV Properties, Inc. ",,,,,-66.05739954,18.45413861
4,,Condado,041-041-132-01,Privada,Edificada,En desuso,1858,Playa,Ocean Park,771,Alvarez José,,,,,-66.05700442,18.45421298
5,,Condado,041-041-132-02,Privada,Solar,En desuso,,Gertrudis Esq. Playa,Ocean Park,439,Gallardo Rosales Ignacio L,,,,,-66.05670376,18.45429211
6,,Condado,041-041-133-01,Privada,Edificada,En desuso,3,Gertrudis y Playa,Ocean Park,357,La Plage Inc. ,,,,,-66.05641216,18.45428109
7,,Condado,041-041-133-24,Privada,Edificada,Permisología,5,Gertrudis,Ocean Park,653,La Plage Inc. ,,,,Rótulo,-66.05636466,18.45407298
8,,Condado,041-041-133-02,Privada,Edificada,En desuso,902,Playa,Ocean Park,408,La Plage Inc. ,,,,,-66.05626595,18.45427976
9,,Condado,041-041-133-03,Privada,Edificada,En desuso,2, Elena Esq. Playa ,Ocean Park,480,Maldonado Pizarro Zulma Esther,,,,,-66.0560729,18.45432742
10,,Condado,041-041-134-01,Privada,Edificada,En desuso,1,Elena,Ocean Park,288.92,Desconocido,,,,,-66.05574787,18.45438383
11,,Condado,041-041-134-22,Privada,Edificada,En desuso,3,Elena,Ocean Park,406.94,Desconocido,,,,,#N/A,#N/A
12,,Condado,041-041-134-02,Privada,Edificada,En desuso,2,Santa Ana,Ocean Park,766.91,Desconocido,,,,Se Vende,-66.05552755,18.45432971
13,,Condado,041-032-136-03,Privada,Solar,En desuso,1957,Italia,Ocean Park,988,Copic Inc.,,,,,-66.05487953,18.4542739
14,,Condado,041-042-153-14,Privada,Solar,En desuso,1 y 3,Rambla del Almirante,Ocean Park,1061.16,Desconocido,,,,,-66.05048434,18.45329249
15,,Condado,041-043-155-01,Privada,Solar,Permisología,,Park Boulevard,Santa Teresita,584,Park Boulevard Inn. Corp. ,,,,Rótulo,-66.04704056,18.45242505
16,,Condado,041-043-155-02,Privada,Edificada,Permisología,2152,Park Boulevard,Santa Teresita,421,Park Boulevard Inn. Corp. ,,,,Rótulo,-66.046858,18.45242213
17,,Condado,041-043-155-06,Privada,Solar,En desuso,2160,Park Boulevard,Santa Teresita,496,Deion Luwinn Sanders,,,,,-66.04623809,18.4524124
18,,Rio Piedras,087-012-494-12,Privada,Edificada,En desuso,72,Reverendo Martínez Brunet,Rio Piedras Pueblo,,,CT-3,,,,-66.04966918,18.40012262
19,,Rio Piedras,087-012-529-01,Privada,Edificada,En desuso,1051,Calle Brumbaugh esq. Robles,Rio Piedras Pueblo,,,CT-3,,,,-66.0509795,18.39976146
20,,Rio Piedras,087-013-565-15,Privada,Edificada,En desuso,153,Arzuaga,Rio Piedras Pueblo,,,CR-H,,,,-66.04725394,18.39781829
21,,Rio Piedras,087-013-565-16,Privada,Edificada,En desuso,1109,Vallejo esq. Arzuaga,Rio Piedras Pueblo,,,CT-2,,,,-66.04742761,18.39782049
22,,Rio Piedras,087-013-567-07,Privada,Edificada,En desuso,,Paseo De Diego esq. Ave. Barbosa,Rio Piedras Pueblo,,,CT-2,,,,-66.0438362,18.39816981
23,,Rio Piedras,087-002-467-25,Privada,Edificada,En desuso,1000,Ponce de León esq. Amalia Marín,Rio Piedras Pueblo,,,CR-H,,,,-66.05236642,18.40133582
24,,Rio Piedras,087-012-528-23,Privada,Edificada,En desuso,1061,Ponce de León  ,Rio Piedras Pueblo,,,CR-H,,,,-66.05213041,18.39934498
25,,Rio Piedras,087-012-337-03,Privada,Edificada,En desuso,1017,Ponce de León esq. Saldaña,Rio Piedras Pueblo,,,CT-3,,,,-66.05207384,18.40059108
26,,Rio Piedras,087-012-527-31,Privada,Edificada,En desuso,1060,Ponce de León,Rio Piedras Pueblo,,,CR-H,,,Teatro Paradise,-66.05255302,18.39971522
27,,Rio Piedras,087-012-559-12,Privada,Edificada,En desuso,1126,Ponce de León,Rio Piedras Pueblo,,,CR-H,,,13/14,-66.05319061,18.39787828
28,,Rio Piedras,087-013-531-06,Privada,Edificada,En desuso,160,Parque,Rio Piedras Pueblo,,,CT-2,,,,-66.04699434,18.39990994
29,,Rio Piedras,087-013-531-07,Privada,Edificada,En desuso,162,Parque,Rio Piedras Pueblo,,,CT-2,,,,-66.04689039,18.39991813
30,,Rio Piedras,087-012-562-21,Privada,Edificada,En desuso,69,Arzuaga,Rio Piedras Pueblo,,,CR-H,,,,-66.05046486,18.39808533
31,,Rio Piedras,087-013-565-19,Privada,Edificada,En desuso,73,Arzuaga,Rio Piedras Pueblo,,,CR-H,,,,#N/A,#N/A
32,,Rio Piedras,087-012-562-17,Privada,Edificada,En desuso,77,Arzuaga,Rio Piedras Pueblo,,,CT-2,,,,-66.04996197,18.39798528
33,,Rio Piedras,087-013-563-13 ,Privada,Edificada,En desuso,101,Arzuaga,Rio Piedras Pueblo,,,CT-2,,,,#N/A,#N/A
34,,Rio Piedras,087-023-585-14 ,Privada,Edificada,En desuso,206,Arzuaga,Rio Piedras Pueblo,,,CT-2,,,,#N/A,#N/A
35,,Rio Piedras,087-013-506-07,Privada,Edificada,En desuso,,Robles esq. Ave. Barbosa,Rio Piedras Pueblo,,,CT-2,,,8,-66.04365893,18.40037929
36,,Rio Piedras,087-013-531-08,Privada,Edificada,En desuso,160,Robles  ,Rio Piedras Pueblo,,,CT-2,,,,-66.04679572,18.39998321
37,,Rio Piedras,087-013-531-09 ,Privada,Edificada,En desuso,162,Robles,Rio Piedras Pueblo,,,CT-2,,,,#N/A,#N/A
38,,Rio Piedras,087-013-531-10 ,Privada,Edificada,En desuso,164,Robles,Rio Piedras Pueblo,,,CT-2,,,,#N/A,#N/A
39,,Rio Piedras,087-013-531-10,Privada,Solar,En desuso,166,Robles,Rio Piedras Pueblo,,,CT-2,,,,-66.04650185,18.40002684
40,,Rio Piedras,087-013-530-65,Privada,Solar,En desuso,,Robles esq. Ferrocarril,Rio Piedras Pueblo,,,CT-2,,,49/64/66/67,-66.04958519,18.39967682
41,,Rio Piedras,087-013-530-02 ,Privada,Edificada,En desuso,104,Robles,Rio Piedras Pueblo,,,CT-2,,,,#N/A,#N/A
42,,Rio Piedras,087-013-530-03,Privada,Edificada,En desuso,106,Robles,Rio Piedras Pueblo,,,CT-2,,,,-66.04931544,18.3996521
43,,Rio Piedras,087-013-530-04,Privada,Edificada,En desuso,108,Robles,Rio Piedras Pueblo,,,CT-2,,,,-66.04924787,18.39965509
44,,Rio Piedras,087-013-530-05,Privada,Edificada,En desuso,110,Robles,Rio Piedras Pueblo,,,CT-2,,,,-66.04916101,18.39966074
45,,Rio Piedras,087-013-530-06,Privada,Solar,En desuso,112,Robles,Rio Piedras Pueblo,,,CT-2,,,,-66.04907879,18.3996662
46,,Rio Piedras,087-013-530-07,Privada,Edificada,En desuso,114,Robles,Rio Piedras Pueblo,,,CT-2,,,,-66.04901562,18.39966963
47,,Rio Piedras,087-013-530-09,Privada,Edificada,En desuso,118,Robles,Rio Piedras Pueblo,,,CT-2,,,,-66.04886366,18.39967717
48,,Viejo San Juan,040-002-031-09,Privada,Edificada,En desuso,61,Caleta de San Juan,Viejo San Juan,,,R-6,,,,-66.11883197,18.46555867
49,,Viejo San Juan,040-002-040-03,Privada,Edificada,En desuso,56,Caleta de San Juan,Viejo San Juan,,,R-6,,,,-66.11893713,18.46521131
50,,Viejo San Juan,040-002-040-06,Privada,Edificada,En desuso,62,Caleta de San Juan,Viejo San Juan,,,R-6,,,,-66.11871709,18.4652968
51,,Viejo San Juan,022-092-006-13,Privada,Edificada,En desuso,1,Cruz,Viejo San Juan,,,R-6,,,,-66.11669198,18.46784561
52,,Viejo San Juan,022-092-014-02,Privada,Edificada,En desuso,8,Cruz,Viejo San Juan,,,R-6,,,,-66.11692082,18.46786552
53,,Viejo San Juan,040-002-025-08,Privada,Edificada,En desuso,104,Cruz,Viejo San Juan,,,C-3,,,,-66.11674948,18.46645392
54,,Viejo San Juan,040-002-025-09,Privada,Edificada,En desuso,106/108,Cruz,Viejo San Juan,,,C-3,,,,-66.11672816,18.46635831
55,,Viejo San Juan,040-002-053-05,Privada,Edificada,En desuso,250,Cruz,Viejo San Juan,,,C-3,,,,-66.11621082,18.46458164
56,,Viejo San Juan,040-002-057-01,Privada,Edificada,En desuso,350,Fortaleza,Viejo San Juan,,,C-3,,,,-66.1130321,18.46548059
57,,Viejo San Juan,040-002-057-02,Privada,Edificada,En desuso,352,Fortaleza,Viejo San Juan,,,C-3,,,,-66.1129162,18.46546875
58,,Viejo San Juan,040-003-049-18,Privada,Edificada,En desuso,359,Fortaleza,Viejo San Juan,,,C-3,,,,-66.11282353,18.4658513
59,,Viejo San Juan,040-002-024-11,Privada,Edificada,En desuso,106,Luna,Viejo San Juan,,,C-3,,,,-66.11745914,18.46625996
60,,Viejo San Juan,040-002-025-14,Privada,Edificada,En desuso,151,Luna,Viejo San Juan,,,C-3,,,,-66.1169701,18.46616379
61,,Viejo San Juan,040-002-025-11,Privada,Edificada,En desuso,157,Luna,Viejo San Juan,,,C-3,,,,-66.11675727,18.46622313
62,,Viejo San Juan,040-002-035-02,Privada,Edificada,En desuso,200,Luna,Viejo San Juan,,,C-3,,,,-66.11606398,18.46614345
63,,Viejo San Juan,040-002-035-02,Privada,Edificada,En desuso,202,Luna,Viejo San Juan,,,C-3,,,,-66.11606398,18.46614345
64,,Viejo San Juan,040-002-026-13,Privada,Edificada,En desuso,203,Luna,Viejo San Juan,,,C-3,,,,-66.11605299,18.4665316
65,,Viejo San Juan,040-002-035-04,Privada,Edificada,En desuso,206,Luna,Viejo San Juan,,,C-3,,,,-66.11585379,18.46616677
66,,Viejo San Juan,040-002-036-09,Privada,Edificada,En desuso,260,Luna,Viejo San Juan,,,C-3,,,,-66.11466936,18.46642286
67,,Viejo San Juan,040-002-036-06,Privada,Edificada,En desuso,262,Luna,Viejo San Juan,,,C-3,,,,-66.11483411,18.46638373
68,,Viejo San Juan,040-002-036-07,Privada,Edificada,En desuso,264,Luna,Viejo San Juan,,,C-3,,,,-66.11477849,18.46639704
69,,Viejo San Juan,040-002-036-08,Privada,Edificada,En desuso,266,Luna,Viejo San Juan,,,C-3,,,,-66.11473006,18.46641008
70,,Viejo San Juan,022-092-029-17,Privada,Edificada,En desuso,355,Luna,Viejo San Juan,,,C-3,,,,-66.11327252,18.46710333
71,,Viejo San Juan,022-093-038-06,Privada,Edificada,En desuso,360,Luna,Viejo San Juan,,,C-3,,,,-66.11277947,18.46698205
72,,Viejo San Juan,022-093-038-07,Privada,Edificada,En desuso,362,Luna,Viejo San Juan,,,C-3,,,,-66.11267169,18.4670044
73,,Viejo San Juan,022-092-014-10,Privada,Edificada,En desuso,7,Mercado,Viejo San Juan,,,C-3,,,,-66.11728824,18.46768709
74,,Viejo San Juan,022-092-007-16,Privada,Edificada,En desuso,276/277,Norzagaray,Viejo San Juan,,,R-6,,,,-66.11454652,18.46780271
75,,Viejo San Juan,022-092-007-14,Privada,Edificada,En desuso,272,Norzagaray,Viejo San Juan,,,R-6,,,,-66.11467665,18.46789549
76,,Viejo San Juan,022-092-008-08,Privada,Edificada,En desuso,300,Norzagaray,Viejo San Juan,,,C-3,,,,-66.11428998,18.46768376
77,,Viejo San Juan,022-092-010-03,Privada,Edificada,En desuso,406,Norzagaray,Viejo San Juan,,,R-6,,,,-66.1129505,18.46765467
78,,Viejo San Juan,022-093-010-12,Privada,Edificada,En desuso,425,Norzagaray,Viejo San Juan,,,R-6,,,,-66.11230642,18.46761196
79,,Viejo San Juan,022-093-038-09,Privada,Edificada,En desuso,152,O'Donnell,Viejo San Juan,,,C-3,,,,-66.11266699,18.46684988
80,,Viejo San Juan,022-092-018-16,Privada,Edificada,En desuso,55,San José,Viejo San Juan,,,C-3,,,,-66.11732863,18.4669902
81,,Viejo San Juan,040-002-033-02,Privada,Edificada,En desuso,152,San José,Viejo San Juan,,,C-3,,,,-66.11735316,18.46564076
82,,Viejo San Juan,040-002-053-12,Privada,Edificada,En desuso,253,San José,Viejo San Juan,,,C-3,,,,-66.11667795,18.46435676
83,,Viejo San Juan,040-002-026-10,Privada,Edificada,En desuso,106,San Justo,Viejo San Juan,,,C-3,,,,-66.11576094,18.46660425
84,,Viejo San Juan,022-092-027-36,Privada,Edificada,En desuso,103/251,San Justo esq. Luna,Viejo San Juan,,,C-3,,,,-66.11557832,18.46677922
85,,Viejo San Juan,022-092-019-09,Privada,Edificada,En desuso,54,San Justo,Viejo San Juan,,,R-6,,,,-66.11596572,18.46733016
86,,Viejo San Juan,022-092-006-19,Privada,Edificada,En desuso,12,San Justo esq. San Sebastián,Viejo San Juan,,,R-6,,,,-66.11599738,18.46769275
87,,Viejo San Juan,022-092-008-12,Privada,Edificada,En desuso,303,San Sebastián,Viejo San Juan,,,C-3,,,,-66.11434722,18.46784372
88,,Viejo San Juan,022-092-008-06,Privada,Edificada,En desuso,307,San Sebastián,Viejo San Juan,,,R-6,,,,-66.11415084,18.46769171
89,,Viejo San Juan,040-002-047-10,Privada,Edificada,En desuso,200,San Francisco,Viejo San Juan,,,C-3,,,,-66.11432225,18.46587224
90,,Viejo San Juan,040-002-046-07,Privada,Edificada,En desuso,212,San Francisco,Viejo San Juan,,,C-3,,,,-66.11545974,18.46554009
91,,Viejo San Juan,040-002-036-21,Privada,Edificada,En desuso,253,San Francisco,Viejo San Juan,,,C-3,,,,-66.11506603,18.4659765
92,,Viejo San Juan,040-003-049-03,Privada,Edificada,En desuso,354,San Francisco,Viejo San Juan,,,C-3,,,,-66.11310747,18.46609509
93,,Viejo San Juan,040-002-065-03,Privada,Edificada,En desuso,304,Tetuán,Viejo San Juan,,,C-3,,,,-66.11383784,18.46461917
94,,Viejo San Juan,022-092-027-18,Privada,Edificada,En desuso,100,Tanca,Viejo San Juan,,,C-3,,,,-66.11442132,18.46700895
95,,Viejo San Juan,040-002-056-14,Privada,Edificada,En desuso,313,Tetuán,Viejo San Juan,,,C-3,,,,-66.11327493,18.46507144
96,,Viejo San Juan,022-093-038-11,Privada,Edificada,En desuso,363,O'Donnell,Viejo San Juan,,,C-3,,,,-66.11254321,18.46661638
97,,Viejo San Juan,040-003-049-10,Privada,Edificada,En desuso,200,O'Donnell,Viejo San Juan,,,C-3,,,,-66.11254823,18.46624848
98,1,Santurce,040-047-160-01,Privada,Edificada,En desuso,646,Fernandez Juncos,Santurce,,,CT-2,,,Se Vende,-66.08723753,18.45354396
99,2,Santurce,040-037-004-13,Privada,Edificada,En desuso,635,Fernandez Juncos,Santurce,,,ZU-R2,,,Se Vende,-66.08677262,18.45391021
100,3,Santurce,040-047-008-07,Privada,Edificada,En desuso,665,Fernandez Juncos,Santurce,,,CR-H,,,Tapeado,-66.08613622,18.45362137
101,4,Santurce,040-047-062-06,Privada,Edificada,En desuso,710,Fernandez Juncos,Santurce,,,ZU-R2,,,,-66.0849847,18.45269721
102,5,Santurce,040-047-069-04,Privada,Edificada,En desuso,906,Fernandez Juncos,Santurce,,,ZU-R2,,,,-66.08148059,18.4515144
103,6,Santurce,040-058-072-01,Privada,Edificada,En desuso,,Fernandez Juncos,Santurce,,,ZU-G2,,,Antiguo Banco Popular,-66.0804815,18.45112656
104,7,Santurce,040-048-021-09,Privada,Edificada,En desuso,,Fernandez Juncos esq. Cerra,Santurce,,,ZU-G2,,,,-66.07976015,18.4512195
105,8,Santurce,040-058-022-25,Privada,Edificada,En desuso,1013,Fernandez Juncos,Santurce,,,ZU-G2,,,,-66.07939951,18.4509926
106,9,Santurce,040-058-078-07,Privada,Edificada,En desuso,1050,Fernandez Juncos,Santurce,,,ZU-G2,,,,-66.07912315,18.45061575
107,10,Santurce,040-058-083-01,Privada,Edificada,En desuso,1052,Fernandez Juncos,Santurce,,,ZU-G2,,,,-66.07892352,18.45050172
108,11,Santurce,040-058-027-46,Privada,Edificada,En desuso,1055,Fernandez Juncos,Santurce,,,ZU-G2,,,Viven deambulantes,-66.07855836,18.45072847
109,12,Santurce,040-058-027-34,Privada,Edificada,En desuso,1059,Fernandez Juncos,Santurce,,,ZU-G2,,,,-66.07839662,18.45059777
110,13,Santurce,040-058-027-33,Privada,Edificada,En desuso,1061,Fernandez Juncos,Santurce,,,ZU-G2,,,,-66.07829617,18.45058828
111,14,Santurce,040-058-027-45,Privada,Edificada,En desuso,1063,Fernandez Juncos,Santurce,,,ZU-G2,,,,-66.07823695,18.45051762
112,15,Santurce,040-058-083-10,Privada,Edificada,En desuso,1070,Fernandez Juncos,Santurce,,,ZU-G2,,,,-66.07793711,18.44990584
113,16,Santurce,040-058-033-09,Privada,Edificada,En desuso,924,Fernandez Juncos,Santurce,,,CR-H,,,,-66.07662171,18.44988702
114,17,Santurce,040-058-035-12,Privada,Edificada,En desuso,,Fernandez Juncos esq. Condado,Santurce,,,ZU-G2,,,,-66.07619313,18.44924635
115,18,Santurce,040-058-035-07,Privada,Edificada,En desuso,1205,Fernandez Juncos,Santurce,,,ZU-G2,,,,-66.07568114,18.44920382
116,19,Santurce,040-058-035-08,Privada,Edificada,En desuso,1211,Fernandez Juncos,Santurce,,,ZU-G2,,,,-66.07569365,18.44897399
117,20,Santurce,040-058-036-15,Privada,Edificada,En desuso,,Fernandez Juncos esq. RH Todd,Santurce,,,ZU-G2,,,,-66.07533581,18.44898453
118,21,Santurce,040-059-037-09,Privada,Edificada,En desuso,1225,Fernandez Juncos,Santurce,,,ZU-G2,,,,-66.07475261,18.4483601
119,22,Santurce,040-069-041-07,Privada,Edificada,En desuso,1313,Fernandez Juncos,Santurce,,,ZU-G2,,,,-66.07283575,18.44703844
120,23,Santurce,040-069-041-06,Privada,Edificada,En desuso,1315,Fernandez Juncos,Santurce,,,ZU-G2,,,,-66.07274321,18.44696709
121,24,Santurce,040-069-108-28,Privada,Edificada,En desuso,1400,Fernandez Juncos,Santurce,,,ZU-G2,,,,-66.07248998,18.44611433
122,25,Santurce,040-069-108-09,Privada,Edificada,En desuso,1420,Fernandez Juncos,Santurce,,,ZU-G2,,,,-66.07148044,18.44547878
123,26,Santurce,040-080-049-52,Privada,Edificada,En desuso,1553 y 1555,Fernandez Juncos,Santurce,,,ZU-G2,,,,-66.06813277,18.44370335
124,27,Santurce,040-080-511-08,Privada,Edificada,En desuso,1611,Fernandez Juncos,Santurce,,,ZU-G2,,,BGF,-66.06648756,18.4432596
125,28,Santurce,040-080-141-04,Privada,Edificada,En desuso,1616,Fernandez Juncos,Santurce,,,ZU-G2,,,,-66.06637844,18.44255204
126,29,Santurce,040-080-141-05,Privada,Edificada,En desuso,1618,Fernandez Juncos,Santurce,,,ZU-G2,,,,-66.06622748,18.44254136
127,30,Santurce,040-080-052-20,Privada,Edificada,En desuso,1655,Fernandez Juncos,Santurce,,,ZU-G2,,,,-66.0658637,18.44275891
128,31,Santurce,040-090-152-18,Privada,Solar,En desuso,,Fernandez Juncos,Santurce,,,CR-H,,,No hay edificación,-66.06326042,18.4404346
129,32,Santurce,040-090-055-15,Privada,Edificada,En desuso,1805,Fernandez Juncos,Santurce,,,ZU-G2,,,Estorbo Público,-66.06241361,18.44042071
130,33,Santurce,041-081-055-14,Privada,Edificada,En desuso,1807/1809,Fernandez Juncos,Santurce,,,ZU-G2,,,,-66.06228935,18.44033577
131,34,Santurce,041-081-055-12,Privada,Edificada,En desuso,1811,Fernandez Juncos,Santurce,,,ZU-G2,,,Estorbo Público,-66.06215671,18.4401064
132,35,Santurce,041-081-055-11,Privada,Edificada,En desuso,1813,Fernandez Juncos,Santurce,,,ZU-G2,,,Estorbo Público,-66.06207627,18.4399892
133,36,Santurce,041-081-056-10,Privada,Edificada,En desuso,,Fernandez Juncos esq. Pedro de Castro,Santurce,,,ZU-G2,,,,-66.06176335,18.43966012
134,37,Santurce,041-081-056-06,Privada,Edificada,En desuso,,Fernandez Juncos esq. Jordán,Santurce,,,ZU-G2,,,,-66.0614015,18.43920935
135,38,Santurce,041-081-154-03,Privada,Edificada,En desuso,1822,Fernandez Juncos,Santurce,,,ZU-G2,,,,-66.06186442,18.43913817
136,39,Santurce,041-091-158-02,Privada,Edificada,En desuso,1902,Fernandez Juncos,Santurce,,,CR-H,,,,-66.06060173,18.43745359
137,40,Santurce,041-091-058-08,Privada,Solar,En desuso,1905,Fernandez Juncos,Santurce,,,ZU-G2,,,Vertedero Clandestino,-66.06015448,18.43789665
138,41,Santurce,041-091-159-TU,Privada,Solar,En desuso,,Ponce de León esq. Borinquen,Santurce,,,ZU-G2,,,,-66.06127481,18.43614347
139,42,Santurce,041-091-058-12,Privada,Solar,En desuso,,Ponce de León esq. Borinquen,Santurce,,,ZU-G2,,,,-66.05996653,18.43777716
140,43,Santurce,041-091-428-03,Privada,Solar,En desuso,,Ponce de León esq. Cayey,Santurce,,,ZU-G2,,,Estacionamiento ilegal,-66.05945052,18.43821518
141,44,Santurce,041-081-445-02,Privada,Edificada,En desuso,1864,Ponce de León,Santurce,,,ZU-G2,,,,-66.06027357,18.43868195
142,45,Santurce,041-081-057-05,Privada,Edificada,En desuso,1858,Ponce de León,Santurce,,,ZU-G2,,,,-66.06051544,18.43899339
143,46,Santurce,041-081-057-04,Privada,Edificada,En desuso,1856,Ponce de León,Santurce,,,ZU-G2,,,,-66.06062002,18.43911111
144,47,Santurce,041-081-056-04,Privada,Edificada,En desuso,,Ponce de León,Santurce,,,ZU-G2,,,,-66.06123345,18.43960207
145,48,Santurce,041-081-423-08,Privada,Edificada,En desuso,1805,Ponce de León,Santurce,,,ZU-G2,,,,-66.06099261,18.44010443
146,49,Santurce,041-081-055-04,Privada,Edificada,En desuso,1804,Ponce de León,Santurce,,,ZU-G2,,,Estorbo Público,-66.06199656,18.4405584
147,50,Santurce,041-081-055-02,Privada,Edificada,En desuso,1802,Ponce de León,Santurce,,,ZU-G2,,,,-66.06216502,18.44074773
148,51,Santurce,040-090-054-23,Privada,Edificada,En desuso,1764,Ponce de León esq. Mayol,Santurce,,,ZU-G2,,,,-66.06238462,18.44108718
149,52,Santurce,040-090-054-06,Privada,Solar,En desuso,1760,Ponce de León,Santurce,,,ZU-G2,,,,-66.06270824,18.44129343
150,53,Santurce,040-080-741-15,Privada,Edificada,En desuso,1671,Ponce de León,Santurce,,,ZU-G3,,,,-66.06422377,18.44332264
151,54,Santurce,040-080-051-05,Privada,Edificada,En desuso,1660,Ponce de León,Santurce,,,ZU-G3,,,,-66.06512638,18.44339228
152,55,Santurce,040-080-214-36,Privada,Edificada,En desuso,1659,Ponce de León,Santurce,,,ZU-G3,,,,-66.06477099,18.44364574
153,56,Santurce,040-080-051-01,Privada,Edificada,En desuso,415,Ponce de León esq. Bolivar,Santurce,,,ZU-G3,,,,-66.06555476,18.44376593
154,57,Santurce,040-080-433-36,Privada,Edificada,En desuso,1606,Ponce de León,Santurce,,,ZU-G3,,,,-66.06630534,18.44402829
155,58,Santurce,040-070-727-15,Privada,Edificada,En desuso,1508,Ponce de León,Santurce,,,ZU-G4,,,,-66.0676921,18.44540466
156,59,Santurce,040-070-198-32,Privada,Edificada,En desuso,1507,Ponce de León,Santurce,,,ZU-G4,,,,-66.06745774,18.44620677
157,60,Santurce,040-069-114-32,Privada,Edificada,En desuso,,Ponce de León esq. Culto,Santurce,,,CR-H,,,,-66.06941734,18.44718651
158,61,Santurce,040-059-114-36,Privada,Edificada,En desuso,,Ponce de León,Santurce,,,ZU-G4,,,,-66.07030231,18.4482118
159,62,Santurce,040-069-042-02,Privada,Edificada,En desuso,1404,Ponce de León,Santurce,,,ZU-G4,,,,-66.07087551,18.44777501
160,63,Santurce,040-059-039-01,Privada,Edificada,En desuso,1310,Ponce de León,Santurce,,,ZU-G3,,,,-66.0718875,18.44840552
161,64,Santurce,040-059-034-10,Privada,Edificada,En desuso,,Ponce de León,Santurce,,,ZU-G3,,,,-66.07354429,18.44970416
162,65,Santurce,040-059-090-14,Privada,Edificada,En desuso,1205,Ponce de León,Santurce,,,ZU-G3,,,,-66.07441546,18.45109954
163,66,Santurce,040-059-515-04,Privada,Edificada,En desuso,1206,Ponce de León,Santurce,,,ZU-G3,,,,-66.07486079,18.45073572
164,67,Santurce,040-058-029-23,Privada,Edificada,En desuso,1116,Ponce de León,Santurce,,,ZU-G3,,,,-66.07582302,18.45131828
165,68,Santurce,040-048-075-13,Privada,Edificada,En desuso,1108,Ponce de León,Santurce,,,ZU-G3,,,,-66.07596063,18.45205807
166,69,Santurce,040-048-024-01,Privada,Edificada,En desuso,1056,Ponce de León,Santurce,,,ZU-G3,,,,-66.07776916,18.45262869
167,70,Santurce,040-048-023-02,Privada,Edificada,En desuso,1054,Ponce de León,Santurce,,,ZU-G3,,,,-66.07810404,18.45266588
168,71,Santurce,040-048-023-02,Privada,Edificada,En desuso,1052,Ponce de León,Santurce,,,ZU-G3,,,,-66.07810404,18.45266588
169,72,Santurce,040-048-060-16,Privada,Edificada,En desuso,1003,Ponce de León,Santurce,,,ZU-G3,,,,-66.07832328,18.45334515
170,73,Santurce,040-048-019-07,Privada,Edificada,En desuso,962,Ponce de León,Santurce,,,ZU-G3,,,,-66.0791235,18.45331554
171,74,Santurce,040-048-019-08,Privada,Edificada,En desuso,960,Ponce de León,Santurce,,,ZU-G3,,,,-66.07931043,18.45308025
515,75,Santurce,040-037-051-10,Privada,Edificada,En desuso,619,Ponce de León,Santurce,,,ZU-G3,,,,-66.08533492,18.45725588
172,76,Santurce,040-037-002-17,Privada,Edificada,En desuso,604,Olimpo,Miramar,,,ZU-P,,,,-66.08607683,18.45640303
173,77,Santurce,040-037-054-10,Privada,Solar,En desuso,550,Berga,Miramar,,,ZU-R1,,,,-66.08409778,18.45669238
174,78,Santurce,040-037-054-08,Privada,Solar,En desuso,552,Berga,Miramar,,,ZU-R1,,,,-66.0839922,18.45668303
175,79,Santurce,040-037-054-01,Privada,Solar,En desuso,556,Berga,Miramar,,,ZU-R1,,,,-66.08392333,18.45693958
176,80,Santurce,040-037-054-13,Privada,Solar,En desuso,558,Berga,Miramar,,,ZU-R1,,,,-66.08363365,18.4570642
177,81,Santurce,040-037-057-16,Privada,Edificada,En desuso,555,Trigo,Miramar,,,ZU-R1,,,,-66.08187445,18.45641123
178,82,Santurce,040-038-058-15,Privada,Edificada,En desuso,557,Cuevillas,Miramar,,,ZU-R1,,,,-66.08093552,18.45591664
179,83,Santurce,040-047-015-02,Privada,Edificada,En desuso,654,Concordia,Miramar,,,ZU-R1,,,,-66.08243946,18.45351126
180,84,Santurce,040-057-067-13,Privada,Solar,En desuso,,Concordia esq. Marginal Ave. Muñoz Rivera,Miramar,,,ZU-R1,,,,-66.08344535,18.45065785
181,85,Santurce,040-057-069-22,Privada,Edificada,En desuso,715,Hernández,Miramar,,,ZU-R1,,,,-66.08222676,18.45095846
182,86,Santurce,040-048-019-13,Privada,Edificada,En desuso,614,Cerra,Miramar,,,ZU-G2,,,,-66.07971516,18.45247376
183,87,Santurce,040-048-021-14,Privada,Edificada,En desuso,623,Cerra,Miramar,,,ZU-G2,,,,-66.07975572,18.45152078
184,88,Santurce,040-048-019-08,Privada,Edificada,En desuso,604,Cerra,Miramar,,,ZU-G2,,,,-66.07931043,18.45308025
185,89,Santurce,040-048-023-04,Privada,Edificada,En desuso,603,Monserrate,Miramar,,,ZU-G2,,,,-66.07834637,18.45262821
186,90,Santurce,040-048-715-12,Privada,Solar,En desuso,,Mariana Bracetti esq. Baldorioty de Castro,Alto del Cabro,,,ZU-R2,,,,-66.07709689,18.45392277
187,91,Santurce,040-048-066-36,Privada,Solar,En desuso,120,Rucabado esq. Baldorioty de Castro,Alto del Cabro,,,ZU-R2,,,,-66.07652911,18.45368126
188,92,Santurce,040-048-064-03,Privada,Edificada,En desuso,102,Rucabado  ,Alto del Cabro,,,ZU-R2,,,,-66.07670197,18.45364219
189,93,Santurce,040-048-066-35,Privada,Edificada,En desuso,107,Rucabado  ,Alto del Cabro,,,ZU-R2,,,,-66.07648639,18.45359902
190,94,Santurce,040-048-066-33,Privada,Edificada,En desuso,111,Rucabado  ,Alto del Cabro,,,ZU-R2,,,,-66.07650493,18.45344073
191,95,Santurce,040-048-066-30,Privada,Edificada,En desuso,115,Rucabado  ,Alto del Cabro,,,ZU-R2,,,,-66.07646528,18.45317958
192,96,Santurce,040-048-066-28,Privada,Edificada,En desuso,119,Rucabado  ,Alto del Cabro,,,ZU-R2,,,,-66.07653722,18.45295544
193,97,Santurce,040-048-066-26,Privada,Edificada,En desuso,125,Rucabado,Alto del Cabro,,,ZU-R2,,,,-66.07658702,18.45279497
194,98,Santurce,040-048-066-11,Privada,Solar,En desuso,108,Colomer esq. Baldorioty de Castro,Alto del Cabro,,,ZU-R2,,,,-66.07607141,18.45339953
195,99,Santurce,040-048-067-26,Privada,Solar,En desuso,127,Colomer  ,Alto del Cabro,,,ZU-R2,,,,-66.07602492,18.45279441
196,100,Santurce,040-048-067-12,Privada,Edificada,En desuso,116,Barcelona,Alto del Cabro,,,ZU-R2,,,,-66.07561801,18.45305199
197,101,Santurce,040-048-075-15,Privada,Solar,En desuso,129,Barcelona,Alto del Cabro,,,ZU-R2,,,,-66.07576798,18.4522497
198,102,Santurce,040-048-076-01,Privada,Solar,En desuso,1152,Ribot,Alto del Cabro,,,ZU-R2,,,,-66.07513348,18.45227743
199,103,Santurce,040-048-068-27,Privada,Solar,En desuso,,Soledad,Alto del Cabro,,,ZU-R2,,,,-66.07537829,18.45282068
200,104,Santurce,040-048-026-03,Privada,Solar,En desuso,1056,Navas,El Gandul,,,ZU-R2,,,,-66.07836267,18.45154544
201,105,Santurce,040-048-026-28,Privada,Solar,En desuso,1071,Del Carmen,El Gandul,,,ZU-R2,,,,-66.07797616,18.45111488
202,106,Santurce,040-058-026-21,Privada,Edificada,En desuso,1078,Del Carmen,El Gandul,,,ZU-R2,,,,-66.07762994,18.45102715
203,107,Santurce,040-058-027-19,Privada,Edificada,En desuso,1076,Del Carmen,El Gandul,,,ZU-R2,,,,-66.07768994,18.45069781
204,108,Santurce,040-058-027-22,Privada,Edificada,En desuso,,San Juan,El Gandul,,,ZU-R2,,,,-66.0776158,18.45055763
205,109,Santurce,040-058-074-10,Privada,Edificada,En desuso,707,Cerra esq. Aurora,El Gandul,,,ZU-G2,,,,-66.08025815,18.45071285
206,110,Santurce,040-058-077-14,Privada,Edificada,En desuso,,Cerra,El Gandul,,,ZU-G2,,,,-66.08079768,18.44911155
207,111,Santurce,040-058-076-04,Privada,Edificada,En desuso,1006,Lealtad esq. Ernesto Cerra,El Gandul,,,ZU-R2,,,,-66.08020826,18.44987125
208,112,Santurce,040-058-076-05,Privada,Edificada,En desuso,802,ernesto Cerra,El Gandul,,,ZU-R2,,,,-66.08029761,18.44976096
209,113,Santurce,040-058-079-03,Privada,Solar,En desuso,1004,Aurora,El Gandul,,,ZU-R2,,,,-66.07961833,18.45017804
210,114,Santurce,040-058-079-12,Privada,Edificada,En desuso,1007,Lealtad  ,El Gandul,,,ZU-R2,,,,-66.079671,18.4499676
211,115,Santurce,040-058-084-01,Privada,Solar,En desuso,,Monserrate esq. Aurora,Miramar,,,ZU-G2,,,,-66.07906813,18.44987835
212,116,Santurce,040-058-082-10,Privada,Solar,En desuso,,Monserrate,El Gandul,,,ZU-G2,,,,-66.08002101,18.44846212
213,117,Santurce,040-058-085-15,Privada,Edificada,En desuso,1055,Elisa Cerra,El Gandul,,,ZU-R2,,,,-66.07912141,18.44916403
214,118,Santurce,040-058-084-12,Privada,Edificada,En desuso,1053,Lealtad,El Gandul,,,ZU-R2,,,,-66.07895043,18.44964353
215,119,Santurce,040-058-078-12,Privada,Solar,En desuso,1062,Aurora,El Gandul,,,ZU-R2,,,,-66.07927675,18.45023246
216,120,Santurce,040-058-085-10,Privada,Edificada,En desuso,805,Lloveras,El Gandul,,,ZU-R2,,,,-66.07874543,18.44901812
217,121,Santurce,040-058-090-01,Privada,Edificada,En desuso,1068,Elisa Cerra,El Gandul,,,ZU-R2,,,,-66.07872802,18.44866421
218,122,Santurce,040-058-086-11,Privada,Edificada,En desuso,1063,Puerto Arturo,El Gandul,,,ZU-R2,,,,-66.07909157,18.44852504
219,123,Santurce,040-058-090-16,Privada,Edificada,En desuso,1073,Puerto Arturo,El Gandul,,,ZU-R2,,,,-66.07865175,18.44837193
220,124,Santurce,040-058-090-14,Privada,Edificada,En desuso,1077,Puerto Arturo,El Gandul,,,ZU-R2,,,,-66.07846781,18.4482955
221,125,Santurce,040-058-083-16,Privada,Edificada,En desuso,706,San Juan,El Gandul,,,ZU-R2,,,,-66.07792365,18.44953706
222,126,Santurce,040-058-091-34,Privada,Edificada,En desuso,725,San Juan,El Gandul,,,ZU-R2,,,,-66.07772224,18.44888343
223,127,Santurce,040-068-091-15,Privada,Edificada,En desuso,720,Victor Figueroa,El Gandul,,,ZU-R2,,,,-66.07784429,18.44766658
224,128,Santurce,040-068-091-48,Privada,Edificada,En desuso,722,Victor Figueroa,El Gandul,,,ZU-R2,,,,-66.07786987,18.44757294
225,129,Santurce,040-068-094-08,Privada,Edificada,En desuso,753,Victor Figueroa,El Gandul,,,ZU-R2,,,,-66.07756625,18.44766217
226,130,Santurce,040-058-092-07,Privada,Edificada,En desuso,,Condado,El Gandul,,,ZU-R2,,,,-66.07677078,18.44892561
227,131,Santurce,040-068-172-01,Privada,Solar,En desuso,,Cerra Andino esq. Cerra,Tras Talleres,,,ZU-R2,,,,-66.08122774,18.44807016
228,132,Santurce,040-068-172-04,Privada,Edificada,En desuso,1006,Cerra Andino  ,Tras Talleres,,,ZU-R2,,,,-66.08097583,18.44781389
229,133,Santurce,040-068-174-14,Privada,Solar,En desuso,947,Cerra Andino,Tras Talleres,,,ZU-G1,,,,-66.08085905,18.44681935
230,134,Santurce,040-068-174-13,Privada,Edificada,En desuso,949,Cerra Andino,Tras Talleres,,,ZU-G1,,,,-66.08089637,18.4467304
231,135,Santurce,040-068-175-01,Privada,Edificada,En desuso,933,Sola,Tras Talleres,,,ZU-R2,,,,-66.08041211,18.44728397
232,136,Santurce,040-068-167-25,Privada,Solar,En desuso,1047,Robles,Tras Talleres,,,ZU-R2,,,,-66.07992727,18.44711147
233,137,Santurce,040-068-167-24,Privada,Solar,En desuso,1049,Robles,Tras Talleres,,,ZU-R2,,,,-66.07985136,18.44706036
234,138,Santurce,040-068-196-01,Privada,Edificada,En desuso,951,Cerra Andino,Tras Talleres,,,ZU-G1,,,,-66.08090253,18.44654747
235,139,Santurce,040-068-174-12,Privada,Solar,En desuso,,Sola esq. Nueva Palma,Tras Talleres,,,ZU-G1,,,,-66.08081064,18.44669982
236,140,Santurce,040-068-217-05,Privada,Edificada,En desuso,962,Sola,Tras Talleres,,,ZU-R2,,,,-66.08096531,18.44608159
237,141,Santurce,040-068-217-06,Privada,Solar,En desuso,964,Sola,Tras Talleres,,,ZU-R2,,,,-66.08099086,18.44599749
238,142,Santurce,040-068-218-01,Privada,Edificada,En desuso,1012,Sola esq. La Rosa,Tras Talleres,,,ZU-R2,,,,-66.080759,18.44598693
239,143,Santurce,040-067-226-05,Privada,Edificada,En desuso,970,Sola,Tras Talleres,,,ZU-R2,,,,-66.08111045,18.44550922
240,144,Santurce,040-067-226-06,Privada,Solar,En desuso,972,Sola,Tras Talleres,,,ZU-R2,,,,-66.08114881,18.44542249
241,145,Santurce,040-068-218-28,Privada,Edificada,En desuso,971,Sola,Tras Talleres,,,ZU-R2,,,,-66.08094154,18.4453344
242,146,Santurce,040-068-175-07,Privada,Edificada,En desuso,938,Verdejo,Tras Talleres,,,ZU-R2,,,,-66.08011074,18.4468961
243,147,Santurce,040-068-219-15,Privada,Solar,En desuso,971,Verdejo,Tras Talleres,,,ZU-R2,,,,-66.08009105,18.44548751
244,148,Santurce,040-068-218-38,Privada,Edificada,En desuso,1015,Adolfo Castro,Tras Talleres,,,ZU-R2,,,,-66.08077137,18.44533017
245,149,Santurce,040-068-229-04,Privada,Edificada,En desuso,,Adolfo Castro esq. Comercio,Tras Talleres,,,ZU-R2,,,,-66.07993868,18.44495052
246,150,Santurce,040-078-230-04,Privada,Edificada,En desuso,1068,Adolfo Castro esq. Carlos de Jesús,Tras Talleres,,,ZU-R2,,,,-66.07946933,18.44486799
247,151,Santurce,040-068-231-18,Privada,Edificada,En desuso,1067,Adolfo Castro,Tras Talleres,,,ZU-R2,,,,-66.07922508,18.44502697
248,152,Santurce,040-068-231-08,Privada,Edificada,En desuso,1068,Las Flores,Tras Talleres,,,ZU-R2,,,,-66.0791416,18.44519665
249,153,Santurce,040-068-221-12,Privada,Edificada,En desuso,1073,Las Flores,Tras Talleres,,,ZU-R2,,,,-66.07908412,18.4454316
250,154,Santurce,040-068-221-14,Privada,Edificada,En desuso,962,San Juan,Tras Talleres,,,ZU-R2,,,,-66.07877227,18.44535956
251,155,Santurce,040-068-222-07,Privada,Edificada,En desuso,967,San Juan,Tras Talleres,,,ZU-R2,,,,-66.07836381,18.44535558
252,156,Santurce,040-049-078-30,Privada,Edificada,En desuso,155,Labra,Campo Alegre,,,ZU-R2,,,,-66.0728799,18.45193405
253,157,Santurce,040-049-078-04,Privada,Edificada,En desuso,157,Delicias,Campo Alegre,,,ZU-R2,,,,-66.07228921,18.45234954
254,158,Santurce,040-049-078-09,Privada,Solar,En desuso,167,Delicias,Campo Alegre,,,ZU-R2,,,,-66.0726539,18.45195729
255,159,Santurce,040-049-078-31,Privada,Solar,En desuso,,Delicias,Campo Alegre,,,ZU-R2,,,,-66.07287772,18.45201586
256,160,Santurce,040-049-078-26,Privada,Edificada,En desuso,174,Delicias,Campo Alegre,,,ZU-R2,,,,-66.07304128,18.45160994
257,161,Santurce,040-059-080-12,Privada,Solar,En desuso,189,Campo Alegre,Campo Alegre,,,ZU-R2,,,,-66.07192269,18.45092472
258,162,Santurce,040-059-091-07,Privada,Solar,En desuso,183,Campo Alegre,Campo Alegre,,,ZU-R2,,,,-66.07167742,18.4512099
259,163,Santurce,040-059-091-09,Privada,Edificada,En desuso,214,Campo Alegre,Campo Alegre,,,ZU-R2,,,,-66.07164269,18.45129904
260,164,Santurce,040-049-091-06,Privada,Solar,En desuso,175,Campo Alegre,Campo Alegre,,,ZU-R2,,,,-66.07153592,18.45129964
261,165,Santurce,040-049-080-03,Privada,Edificada,En desuso,206,Campo Alegre,Campo Alegre,,,ZU-R2,,,,-66.07155316,18.45166611
262,166,Santurce,040-049-091-14,Privada,Edificada,En desuso,202,Campo Alegre,Campo Alegre,,,ZU-R2,,,,-66.07135409,18.45161797
263,167,Santurce,040-049-099-52,Privada,Solar,En desuso,165,Campo Alegre,Campo Alegre,,,ZU-R2,,,,-66.07110472,18.45157705
264,168,Santurce,040-049-099-01,Privada,Solar,En desuso,163,Campo Alegre,Campo Alegre,,,ZU-R2,,,,-66.07104128,18.45165385
265,169,Santurce,040-049-081-03,Privada,Edificada,En desuso,156,Campo Alegre,Campo Alegre,,,ZU-R2,,,,-66.07105949,18.4519556
266,170,Santurce,040-059-100-10,Privada,Solar,En desuso,190,Los Pinos,Campo Alegre,,,ZU-R2,,,,-66.07153193,18.45063054
267,171,Santurce,040-059-102-24,Privada,Edificada,En desuso,263,Duffaut,Campo Alegre,,,ZU-R2,,,,-66.07142982,18.45012151
268,172,Santurce,040-059-102-07,Privada,Edificada,En desuso,264,Dos Hermanos,Campo Alegre,,,ZU-R2,,,,-66.07130948,18.45001497
269,173,Santurce,040-059-102-06,Privada,Edificada,En desuso,262,Dos Hermanos,Campo Alegre,,,ZU-R2,,,,-66.07123394,18.45010247
270,174,Santurce,040-059-105-69,Privada,Edificada,En desuso,,Canals esq. Latimer,Campo Alegre,,,ZU-R2,,,,-66.06994168,18.44993855
271,175,Santurce,040-079-441-05,Privada,Edificada,En desuso,108,Oquendo,Campo Alegre,,,ZU-R2,,,,-66.07392856,18.44252907
272,176,Santurce,040-079-441-17,Privada,,En desuso,77,Morales,Hipódromo,,,ZU-R2,,,,-66.07392125,18.44231995
273,177,Santurce,040-079-441-16,Privada,Edificada,En desuso,79,Morales,Hipódromo,,,ZU-R2,,,,-66.07383368,18.44228751
274,178,Santurce,040-079-441-13,Privada,Edificada,En desuso,87,Morales,Hipódromo,,,ZU-R2,,,,-66.07365936,18.44215177
275,179,Santurce,040-069-041-03,Privada,Edificada,En desuso,653,Delicias,Hipódromo,,,ZU-R1,,,,-66.07236227,18.44712582
276,180,Santurce,040-069-042-01,Privada,Edificada,En desuso,612,Hipódromo,Hipódromo,,,CR-H,,,,-66.07108335,18.44794721
277,181,Santurce,040-069-040-02,Privada,Edificada,En desuso,1396,Georgetti,Hipódromo,,,ZU-R1,,,,-66.07201731,18.44775415
278,182,Santurce,040-069-107-06,Privada,Edificada,En desuso,604,Hipódromo,Hipódromo,,,ZU-G3,,,,-66.07383006,18.44532704
279,183,Santurce,040-079-273-29,Privada,Edificada,En desuso,14,Concepción,Hipódromo,,,ZU-R2,,,,-66.07351526,18.44262968
280,184,Santurce,040-079-441-09,Privada,Edificada,En desuso,18,Concepción,Hipódromo,,,ZU-R2,,,,-66.07353984,18.44242946
281,185,Santurce,040-079-441-10,Privada,Edificada,En desuso,20,Concepción,Hipódromo,,,ZU-R2,,,,-66.07356929,18.44234041
282,186,Santurce,040-079-118-02,Privada,Edificada,En desuso,1452,Aibonito,Hipódromo,,,ZU-R1,,,,-66.07256343,18.44292903
283,187,Santurce,040-079-118-03,Privada,Solar,En desuso,1454,Aibonito,Hipódromo,,,ZU-R1,,,,-66.07249033,18.44283797
284,188,Santurce,040-069-043-12,Privada,Edificada,En desuso,1401,Hipódromo,Hipódromo,,,ZU-R2,,,,-66.07173362,18.44703749
285,189,Santurce,040-069-109-11,Privada,Edificada,En desuso,1418,Feria,Hipódromo,,,ZU-R1,,,,-66.07215412,18.44497678
286,190,Santurce,040-079-116-22,Privada,Edificada,En desuso,1459,Las Palmas,Bolivar,,,ZU-R1,,,,-66.07207333,18.44354391
287,191,Santurce,040-079-117-25,Privada,Edificada,En desuso,1461,Aibonito,Bolivar,,,ZU-R1,,,,-66.07214691,18.44294055
288,192,Santurce,040-079-123-27,Privada,Edificada,En desuso,869,Avelino Vicente,Bolivar,,,ZU-R1,,,,-66.07118148,18.44211311
289,193,Santurce,040-079-121-26,Privada,Edificada,En desuso,703,Avelino Vicente,Bolivar,,,ZU-R1,,,,-66.07066414,18.4443608
290,194,Santurce,040-079-127-08,Privada,Edificada,En desuso,708,Sánchez,Bolivar,,,ZU-G1,,,,-66.06916995,18.44349885
291,195,Santurce,040-079-128-07,Privada,Edificada,En desuso,804,Sánchez,Bolivar,,,ZU-G1,,,,-66.0694433,18.44288602
292,196,Santurce,040-079-131-19,Privada,Edificada,En desuso,721,Sánchez,Bolivar,,,ZU-G1,,,,-66.06925529,18.44274608
293,197,Santurce,040-080-734-01,Privada,Edificada,En desuso,1552,Finlay,Bolivar,,,ZU-G1,,,,-66.06834455,18.4427655
294,198,Santurce,040-080-136-06,Privada,Edificada,En desuso,706,Del Parque,Bolivar,,,ZU-G1,,,,-66.06792792,18.44303388
295,199,Santurce,040-080-734-04,Privada,Edificada,En desuso,752,Del Parque,Bolivar,,,ZU-G1,,,,-66.06807989,18.44261558
296,200,Santurce,040-090-138-07,Privada,Edificada,En desuso,857,Del Parque,Bolivar,,,ZU-G1,,,,-66.06847891,18.44143591
297,201,Santurce,040-089-138-27,Privada,Edificada,En desuso,123,Marginal Muñoz Rivera,Bolivar,,,ZU-G1,,,,-66.06914303,18.44091901
298,202,Santurce,040-089-138-26,Privada,Edificada,En desuso,,Marginal Muñoz Rivera,Bolivar,,,ZU-G1,,,,-66.06903221,18.44092563
299,203,Santurce,040-090-437-05,Privada,Edificada,En desuso,859,Victor López,Bolivar,,,ZU-R2,,,,-66.06770253,18.44113794
300,204,Santurce,040-090-144-01,Privada,Solar,En desuso,1666,José Cora,Bolivar,,,ZU-R2,,,,-66.06636256,18.44118888
301,205,Santurce,040-090-144-02,Privada,Edificada,En desuso,1668,José Cora,Bolivar,,,ZU-R2,,,,-66.06628117,18.44105933
302,206,Santurce,040-090-147-09,Privada,Edificada,En desuso,759,Los Angeles,Bolivar,,,ZU-R2,,,,-66.06566804,18.44052152
303,207,Santurce,040-090-147-02,Privada,Solar,En desuso,,Nueva,Bolivar,,,ZU-R2,,,,-66.06546479,18.44085746
304,208,Santurce,040-090-151-02,Privada,Edificada,En desuso,1754,Victoria,Bolivar,,,ZU-R2,,,,-66.06411346,18.44057683
305,209,Santurce,040-090-151-04,Privada,Solar,En desuso,1756,Victoria,Bolivar,,,ZU-R2,,,,-66.06391391,18.44047454
306,210,Santurce,040-090-151-05,Privada,Solar,En desuso,,Cataluña esq. Victoria,Bolivar,,,ZU-R2,,,,-66.06379978,18.44038218
307,211,Santurce,040-090-151-06,Privada,Solar,En desuso,710,Cataluña  ,Bolivar,,,ZU-R2,,,,-66.06399207,18.44030931
308,212,Santurce,040-090-152-01,Privada,Solar,En desuso,707,Cataluña,Bolivar,,,ZU-G2,,,,-66.06303921,18.44061111
309,213,Santurce,040-090-152-18,Privada,Edificada,En desuso,702/704,Mayol,Bolivar,,,ZU-G2,,,,-66.06326042,18.4404346
310,214,Santurce,040-090-153-18,Privada,Edificada,En desuso,705,Mayol,Bolivar,,,CR-H,,,,-66.06325985,18.43995459
311,215,Santurce,040-090-153-19,Privada,Edificada,En desuso,707,Mayol,Bolivar,,,CR-H,,,,-66.06318842,18.44001694
312,216,Santurce,040-090-153-20,Privada,,En desuso,709,Mayol,Bolivar,,,ZU-G2,,,,-66.06307762,18.44009931
313,217,Santurce,040-090-054-24,Privada,Solar,En desuso,608,Mayol,San Mateo,,,ZU-G2,,,,-66.06253752,18.44095907
314,218,Santurce,040-090-054-09,Privada,Solar,En desuso,606,Mayol,San Mateo,,,ZU-R2,,,,-66.06262459,18.44088302
315,219,Santurce,040-090-054-10,Privada,Solar,En desuso,604,Mayol,San Mateo,,,ZU-R2,,,,-66.0627013,18.44082335
316,220,Santurce,040-080-742-01,Privada,Solar,En desuso,,José Fidalgo,San Mateo,,,ZU-G2,,,,-66.06462785,18.44277335
317,221,Santurce,040-080-728-30,Privada,Solar,En desuso,365,Saldaña esq. San Mateo,El Chícharo,,,CR-H,,,,-66.06449655,18.44368461
318,222,Santurce,040-070-610-01,Privada,Solar,En desuso,,Bolivar esq. Carolina,El Chícharo,,,ZU-R1,,,,-66.06467516,18.44571898
319,223,Santurce,040-070-210-10,Privada,Solar,En desuso,1619,Carolina,El Chícharo,,,ZU-R1,,,,-66.0642023,18.44584498
320,224,Santurce,040-070-210-06,Privada,Solar,En desuso,1616,Antonsanti,El Chícharo,,,ZU-R1,,,,-66.06409607,18.4459295
321,225,Santurce,041-061-227-27,Privada,Solar,En desuso,,Igualdad,El Chícharo,,,ZU-R1,,,,-66.06134841,18.4459308
322,226,Santurce,041-061-227-29,Privada,Solar,En desuso,279,Delbrey,El Chícharo,,,ZU-R1,,,,-66.06131122,18.44610925
323,227,Santurce,041-061-227-31,Privada,Solar,En desuso,275,Delbrey,El Chícharo,,,ZU-R1,,,,-66.06128338,18.44626898
324,228,Santurce,041-061-227-28,Privada,Edificada,En desuso,271,Delbrey,El Chícharo,,,ZU-R1,,,,-66.06132573,18.446036
325,229,Santurce,041-061-227-37,Privada,Solar,En desuso,255,Delbrey,El Chícharo,,,ZU-R1,,,,-66.06118947,18.44690303
326,230,Santurce,041-061-227-01,Privada,Solar,En desuso,253,Delbrey esq. Pumarada,El Chícharo,,,ZU-G1,,,,-66.06114672,18.44716008
327,231,Santurce,041-061-227-03,Privada,Edificada,En desuso,250,Diez de Andino esq. Pumarada,El Chícharo,,,ZU-G1,,,,-66.06085084,18.44716344
328,232,Santurce,041-061-237-25,Privada,Edificada,En desuso,225,Diez de Andino esq. Pumarada,El Chícharo,,,ZU-R1,,,,-66.06061339,18.44713705
329,233,Santurce,041-061-239-15,Privada,Solar,En desuso,245,Diez de Andino  ,El Chícharo,,,ZU-R1,,,,-66.06074327,18.44619841
330,234,Santurce,041-061-240-10,Privada,Edificada,En desuso,249,Diez de Andino  ,El Chícharo,,,ZU-R1,,,,-66.06083956,18.44569633
331,235,Santurce,041-061-229-03,Privada,Solar,En desuso,288,Diez de Andino  ,El Chícharo,,,ZU-R1,,,,-66.06121647,18.4452983
332,236,Santurce,041-071-241-25,Privada,Solar,En desuso,275,Diez de Andino  ,El Chícharo,,,ZU-R1,,,,-66.06107022,18.44481801
333,237,Santurce,041-061-227-22,Privada,Solar,En desuso,1755,Manatí,El Chícharo,,,ZU-R1,,,,-66.06129178,18.44552433
334,238,Santurce,041-061-225-65,Privada,Solar,En desuso,,Pumarada esq. Taft,El Chícharo,,,ZU-G1,,,,-66.06146401,18.44744612
335,239,Santurce,041-061-225-86,Privada,Solar,En desuso,,Marginal Baldorioty de Castro esq. Taft,El Chícharo,,,ZU-G2,,,,-66.0614904,18.44796102
336,240,Santurce,041-061-225-06,Privada,Edificada,En desuso,,Marginal Baldorioty de Castro esq. Delbrey,El Chícharo,,,ZU-G2,,,,-66.06126318,18.44795129
337,241,Santurce,041-061-225-10,Privada,Edificada,En desuso,216,Delbrey,El Chícharo,,,ZU-R1,,,,-66.06132234,18.44752945
338,242,Santurce,041-061-226-11,Privada,Solar,En desuso,219,Delbrey esq. Pumarada,El Chícharo,,,ZU-G1,,,,-66.06109885,18.44737758
339,243,Santurce,041-061-249-21,Privada,Edificada,En desuso,,Pumarada esq. Julián Pesante,El Chícharo,,,ZU-G1,,,,-66.05973147,18.44693441
340,244,Santurce,041-061-238-09,Privada,Edificada,En desuso,234,Julián Pesante,El Chícharo,,,ZU-R1,,,,-66.0600463,18.44664949
341,245,Santurce,041-061-247-16,Privada,Solar,En desuso,237,Julián Pesante,El Chícharo,,,ZU-R1,,,,-66.05990516,18.44628489
342,246,Santurce,041-061-248-14,Privada,Solar,En desuso,245,Julián Pesante,El Chícharo,,,ZU-R1,,,,-66.06020734,18.4456622
343,247,Santurce,041-061-240-20,Privada,Edificada,En desuso,248,Julián Pesante,El Chícharo,,,ZU-R1,,,,-66.06056171,18.44558234
344,248,Santurce,041-061-248-10,Privada,Edificada,En desuso,265,Julián Pesante,El Chícharo,,,ZU-R1,,,,-66.06031925,18.44535091
345,249,Santurce,041-061-248-09,Privada,Edificada,En desuso,267,Julián Pesante,El Chícharo,,,ZU-R1,,,,-66.06032632,18.44526481
346,250,Santurce,041-071-251-39,Privada,Edificada,En desuso,279,Eduardo Conde esq. Julián Pesante,El Chícharo,,,ZU-G2,,,,-66.06053664,18.44444022
347,251,Santurce,041-071-251-11,Privada,Solar,En desuso,355,Quiñones,El Chícharo,,,ZU-R1,,,,-66.06016601,18.44462668
348,252,Santurce,041-061-248-06,Privada,Solar,En desuso,330,Quiñones,El Chícharo,,,ZU-R1,,,,-66.06003338,18.44542833
349,253,Santurce,041-061-249-13,Privada,Edificada,En desuso,320,Quiñones,El Chícharo,,,ZU-R1,,,,-66.05971398,18.44656277
350,254,Santurce,041-061-247-04,Privada,Edificada,En desuso,316,Quiñones,El Chícharo,,,ZU-R1,,,,-66.05981346,18.44618251
351,255,Santurce,041-061-247-06,Privada,Edificada,En desuso,306,Quiñones,El Chícharo,,,ZU-R1,,,,-66.05986186,18.44597529
352,256,Santurce,041-061-262-11,Privada,Edificada,En desuso,323,Castelar,El Chícharo,,,ZU-R1,,,,-66.05900413,18.44580405
353,257,Santurce,041-061-262-10,Privada,Solar,En desuso,325,Castelar,El Chícharo,,,ZU-R1,,,,-66.05901826,18.44573487
354,258,Santurce,041-071-251-23,Privada,Solar,En desuso,364,Amalia,El Chícharo,,,ZU-R1,,,,-66.05990999,18.44493953
355,259,Santurce,041-071-251-25,Privada,Solar,En desuso,368,Amalia,El Chícharo,,,ZU-R1,,,,-66.05997657,18.44469934
356,260,Santurce,041-061-255-19,Privada,Edificada,En desuso,363,Isabela,El Chícharo,,,ZU-R1,,,,-66.0595469,18.4452826
357,261,Santurce,041-061-256-05,Privada,Edificada,En desuso,354,Castelar,Seboruco,,,ZU-R1,,,,-66.05925938,18.44520847
358,262,Santurce,041-071-256-09,Privada,Solar,En desuso,360,Castelar,Seboruco,,,ZU-R1,,,,-66.05934461,18.44477974
359,263,Santurce,041-071-264-27,Privada,Edificada,En desuso,367,Castelar,Seboruco,,,ZU-G2,,,,-66.05922152,18.44454687
360,264,Santurce,041-071-256-11,Privada,Edificada,En desuso,372,Castelar,Seboruco,,,ZU-G2,,,,-66.05938559,18.44455542
361,265,Santurce,041-061-264-02,Privada,Edificada,En desuso,350,Las Flores,Seboruco,,,ZU-R2,,,,-66.05889014,18.44540805
362,266,Santurce,041-061-263-07,Privada,Solar,En desuso,309,Las Flores,Seboruco,,,ZU-R1,,,,-66.05847479,18.44599922
363,267,Santurce,041-061-260-12,Privada,Solar,En desuso,306,Las Flores,Seboruco,,,ZU-G1,,,,-66.05873239,18.44669396
364,268,Santurce,041-061-268-23,Privada,Edificada,En desuso,,Las Flores esq. Gilberto Monroig,Seboruco,,,ZU-G1,,,,-66.05774634,18.44621348
365,269,Santurce,041-051-254-23,Privada,Solar,En desuso,201,Las Flores esq. Marginal Baldorioty de Castro,Seboruco,,,ZU-G2,,,,-66.05870586,18.44799304
366,270,Santurce,041-061-260-04,Privada,Solar,En desuso,211,Aponte,Seboruco,,,ZU-R1,,,,-66.05849517,18.44753424
367,271,Santurce,041-061-276-19,Privada,Solar,En desuso,1912,Aponte,Seboruco,,,ZU-G1,,,,-66.05705703,18.4476674
368,272,Santurce,041-061-268-23,Privada,Solar,En desuso,317,Aponte,Seboruco,,,ZU-R1,,,,-66.05774634,18.44621348
369,273,Santurce,041-061-268-34,Privada,Solar,En desuso,387,Denton,Seboruco,,,ZU-R1,,,,-66.05807837,18.4455725
370,274,Santurce,041-071-272-17,Privada,Solar,En desuso,389,Denton,Seboruco,,,ZU-R1,,,,-66.05779417,18.44465839
371,275,Santurce,041-071-272-16,Privada,Edificada,En desuso,312,Salgado,Seboruco,,,ZU-R1,,,,-66.05780668,18.44454892
372,276,Santurce,041-061-268-09,Privada,Solar,En desuso,303,Salgado,Seboruco,,,ZU-R1,,,,-66.0577258,18.44565604
373,277,Santurce,041-061-710-30,Privada,Edificada,En desuso,266,Benítez Castaño,Seboruco,,,ZU-R1,,,,-66.0574446,18.44608199
374,278,Santurce,041-061-267-35,Privada,Edificada,En desuso,313,Castro Viña,Seboruco,,,ZU-R1,,,,-66.057288,18.44662506
375,279,Santurce,041-061-286-16,Privada,Edificada,En desuso,306,Castro Viña esq. Yauco,Seboruco,,,ZU-R1,,,,-66.05647967,18.44522682
376,280,Santurce,041-061-279-11,Privada,Solar,En desuso,303,Castro Viña,Seboruco,,,ZU-G1,,,,-66.05660147,18.4457691
377,281,Santurce,041-061-286-23,Privada,,En desuso,262,Castro Viña,Seboruco,,,ZU-R1,,,,-66.05620651,18.44580121
378,282,Santurce,041-061-278-11,Privada,,En desuso,256,Castro Viña esq. Dos Palmas,Seboruco,,,ZU-R1,,,,-66.05643794,18.44644944
379,283,Santurce,041-061-278-08,Privada,,En desuso,290,Baldrich,Seboruco,,,ZU-R1,,,,-66.05636425,18.44670571
380,284,Santurce,041-061-278-20,Privada,,En desuso,,Manuel Corchado esq. Marginal Baldorioty  de Castro,Seboruco,,,ZU-R1,,,,-66.05680618,18.44661879
381,285,Santurce,041-062-722-03,Privada,,En desuso,1980,Manuel Corchado  ,Seboruco,,,ZU-R1,,,,-66.05533911,18.44712578
382,286,Santurce,041-062-290-01,Privada,Edificada,En desuso,1975,Manuel Corchado,Machuchal,,,ZU-R1,,,,-66.05554821,18.44689756
383,287,Santurce,041-062-721-03,Privada,Edificada,En desuso,268,Manuel Corchado,Machuchal,,,ZU-R1,,,,-66.055616,18.44717181
384,288,Santurce,041-062-285-27,Privada,Solar,En desuso,,Manuel Corchado esq. Gilberto Monroig,Machuchal,,,ZU-G1,,,,-66.05599382,18.44617812
385,289,Santurce,041-062-291-01,Privada,Solar,En desuso,1957,Manuel Corchado esq. Eduardo Conde,Machuchal,,,ZU-G2,,,,-66.05585839,18.4456428
386,290,Santurce,041-071-287-14,Privada,Solar,En desuso,354,Santa Cecilia,Machuchal,,,ZU-R1,,,,-66.05664931,18.44403904
387,291,Santurce,041-071-292-04,Privada,Edificada,En desuso,301,Santa Cecilia,Machuchal,,,ZU-G1,,,,-66.05600736,18.44463265
388,292,Santurce,041-062-297-01,Privada,Solar,En desuso,,Santa Cecilia esq. Marginal Baldorioty de Castro,Machuchal,,,ZU-G2,,,,-66.05547053,18.44551001
389,293,Santurce,041-062-722-01,Privada,Solar,En desuso,,Del Valle esq. Marginal Baldorioty de Castro,Machuchal,,,ZU-G2,,,,-66.05527725,18.44730853
390,294,Santurce,041-062-300-01,Privada,Edificada,En desuso,,Del Valle esq. Esquilín,Villa Palmeras,,,ZU-R1,,,,-66.05469872,18.44672671
391,295,Santurce,041-062-300-22,Privada,Edificada,En desuso,265,Del Valle,Villa Palmeras,,,ZU-R1,,,,-66.05488244,18.44613442
392,296,Santurce,041-062-301-12,Privada,Solar,En desuso,309,Del Valle,Villa Palmeras,,,ZU-R1,,,,-66.05523487,18.44501058
393,297,Santurce,041-072-302-21,Privada,Edificada,En desuso,363,Del Valle,Villa Palmeras,,,ZU-R1,,,,-66.05551625,18.44410955
394,298,Santurce,041-072-302-10,Privada,Edificada,En desuso,368,Ismael Rivera,Villa Palmeras,,,ZU-R1,,,,-66.05536782,18.44381896
395,299,Santurce,041-072-302-27,Privada,Edificada,En desuso,314,Ismael Rivera esq. Barbosa,Villa Palmeras,,,ZU-R2,,,,-66.05517647,18.44452008
396,300,Santurce,041-062-301-04,Privada,Solar,En desuso,304,Ismael Rivera,Villa Palmeras,,,ZU-R1,,,,-66.05498259,18.44521405
397,301,Santurce,041-062-301-02,Privada,Solar,En desuso,300,Ismael Rivera,Villa Palmeras,,,ZU-G1,,,,-66.05493592,18.44538775
398,302,Santurce,041-062-305-28,Privada,Edificada,En desuso,253,Ismael Rivera,Villa Palmeras,,,ZU-R1,,,,-66.05434099,18.44654657
399,303,Santurce,041-062-300-03,Privada,Edificada,En desuso,254,Ismael Rivera,Villa Palmeras,,,ZU-R1,,,,-66.05459502,18.446605
400,304,Santurce,041-062-723-01,Privada,Edificada,En desuso,1924,Benítez Castaño esq. Marginal Baldorioty de Castro,Villa Palmeras,,,ZU-R1,,,,-66.05454974,18.44719516
401,305,Santurce,041-062-724-11,Privada,Edificada,En desuso,248,Del Río esq. Marginal Baldorioty de Castro,Villa Palmeras,,,ZU-G2,,,,-66.0540047,18.44721157
402,306,Santurce,041-062-725-07,Privada,Edificada,En desuso,,Del Río  ,Villa Palmeras,,,ZU-R1,,,,-66.05386619,18.44682317
403,307,Santurce,041-062-725-06,Privada,Solar,En desuso,,Del Río esq. Esquilín,Villa Palmeras,,,ZU-R1,,,,-66.05388899,18.44673198
404,308,Santurce,041-062-310-24,Privada,Edificada,En desuso,263,Del Río,Villa Palmeras,,,ZU-R1,,,,-66.05400537,18.4462995
405,309,Santurce,041-062-310-17,Privada,Edificada,En desuso,277,Del Río,Villa Palmeras,,,ZU-R1,,,,-66.05415377,18.44568203
406,310,Santurce,041-062-306-05,Privada,Solar,En desuso,306,Del Río,Villa Palmeras,,,ZU-R1,,,,-66.05455491,18.44501617
407,311,Santurce,041-072-312-33,Privada,Edificada,En desuso,357,Del Río,Villa Palmeras,,,ZU-R1,,,,-66.05450809,18.44427329
408,312,Santurce,041-072-307-06,Privada,,En desuso,358,Del Río,Villa Palmeras,,,ZU-R1,,,,-66.05477142,18.44413539
409,313,Santurce,041-072-312-23,Privada,,En desuso,373,Del Río,Villa Palmeras,,,ZU-R1,,,,-66.05473283,18.4433792
410,314,Santurce,041-072-319-50,Privada,,En desuso,372,Rafael Alers,Villa Palmeras,,,ZU-R1,,,,-66.0543591,18.44357575
411,315,Santurce,041-072-311-04,Privada,,En desuso,306,Rafael Alers,Villa Palmeras,,,ZU-R1,,,,-66.05425104,18.44474604
412,316,Santurce,041-062-315-26,Privada,Solar,En desuso,263,Rafael Alers,Villa Palmeras,,,ZU-R1,,,,-66.05370162,18.44621272
413,317,Santurce,041-062-725-05,Privada,Edificada,En desuso,250,Rafael Alers esq. Esquilín,Villa Palmeras,,,ZU-R1,,,,-66.05377395,18.44672849
414,318,Santurce,041-062-315-05,Privada,Solar,En desuso,257,Canóvanas,Villa Palmeras,,,ZU-R1,,,,-66.05358123,18.44620799
415,319,Santurce,041-062-316-24,Privada,Edificada,En desuso,258,Canóvanas,Villa Palmeras,,,ZU-R1,,,,-66.05333463,18.44623237
416,320,Santurce,041-062-315-07,Privada,Solar,En desuso,262,Canóvanas,Villa Palmeras,,,ZU-R1,,,,-66.0536266,18.4460316
417,321,Santurce,041-062-322-23,Privada,Solar,En desuso,261,Tapia,Villa Palmeras,,,ZU-G1,,,,-66.0530173,18.4457337
418,322,Santurce,041-062-323-36,Privada,Edificada,En desuso,305,Tapia,Villa Palmeras,,,ZU-G1,,,,-66.05323868,18.44485496
419,323,Santurce,041-072-324-23,Privada,Solar,En desuso,353,Tapia,Villa Palmeras,,,ZU-G1,,,,-66.05366048,18.44323036
420,324,Santurce,041-072-328-18,Privada,Edificada,En desuso,,Degetau esq. Barbosa,Villa Palmeras,,,ZU-G1,,,,-66.05313348,18.44360636
421,325,Santurce,041-062-331-35,Privada,Edificada,En desuso,306,Degetau  ,Villa Palmeras,,,ZU-R1,,,,-66.05197163,18.44611965
422,326,Santurce,041-072-332-34,Privada,Edificada,En desuso,265,Betances,Villa Palmeras,,,ZU-R1,,,,-66.05233347,18.44457553
423,327,Santurce,041-072-333-01,Privada,Solar,En desuso,307,Betances,Villa Palmeras,,,ZU-R2,,,,-66.05272578,18.443241
424,328,Santurce,041-072-329-14,Privada,Solar,En desuso,2062,Betances esq. Barbosa,Villa Palmeras,,,ZU-G2,,,,-66.05325932,18.44217873
425,329,Santurce,041-072-333-01,Privada,Solar,En desuso,2061,Betances esq. Eduardo Conde,Villa Palmeras,,,ZU-R2,,,,-66.05272578,18.443241
426,330,Santurce,041-072-335-23,Privada,Solar,En desuso,331,Ruiz Belvis,Villa Palmeras,,,ZU-R1,,,,-66.05200719,18.44345283
427,331,Santurce,041-072-335-32,Privada,Edificada,En desuso,313,Ruiz Belvis,Villa Palmeras,,,ZU-R1,,,,-66.05179821,18.44426054
428,332,Santurce,041-072-332-04,Privada,Edificada,En desuso,302,Ruiz Belvis,Villa Palmeras,,,ZU-R1,,,,-66.05203902,18.44469208
429,333,Santurce,041-062-331-22,Privada,Solar,En desuso,244,Ruiz Belvis,Villa Palmeras,,,ZU-R1,,,,-66.05191199,18.44522546
430,334,Santurce,041-062-334-34,Privada,Solar,En desuso,241,Ruiz Belvis,Villa Palmeras,,,ZU-R1,,,,-66.051462,18.44557891
431,335,Santurce,041-062-334-48,Privada,Solar,En desuso,213,Ruiz Belvis,Villa Palmeras,,,ZU-R1,,,,-66.05117504,18.44668249
432,336,Santurce,041-062-334-49,Privada,Solar,En desuso,211,Ruiz Belvis,Villa Palmeras,,,ZU-R1,,,,-66.05115306,18.44677587
433,337,Santurce,041-062-337-11,Privada,Solar,En desuso,228,Ernesto Vigoreaux,Villa Palmeras,,,ZU-R1,,,,-66.05045279,18.44611784
434,338,Santurce,041-062-334-21,Privada,Edificada,En desuso,242,Ernesto Vigoreaux,Villa Palmeras,,,ZU-R1,,,,-66.05133288,18.44509744
435,339,Santurce,041-062-337-31,Privada,Edificada,En desuso,247,Ernesto Vigoreaux,Villa Palmeras,,,ZU-R1,,,,-66.05105248,18.44485815
436,340,Santurce,041-072-335-18,Privada,Edificada,En desuso,,Ernesto Vigoreaux esq. Barbosa,Villa Palmeras,,,ZU-R2,,,,-66.0518461,18.44316239
437,341,Santurce,041-072-339-27,Privada,Edificada,En desuso,365,Ernesto Vigoreaux,Villa Palmeras,,,ZU-R1,,,,-66.05184624,18.44230123
438,342,Santurce,041-072-339-21,Privada,Edificada,En desuso,375,Palacios,Villa Palmeras,,,ZU-R1,,,,-66.0520336,18.44177131
439,343,Santurce,041-072-346-27,Privada,Solar,En desuso,371,Palacios,Villa Palmeras,,,ZU-R2,,,,-66.0511019,18.44171497
440,344,Santurce,041-072-341-22,Privada,Edificada,En desuso,2087,Palacios esq. Barbosa,Villa Palmeras,,,ZU-R1,,,,-66.0511302,18.442936
441,345,Santurce,041-072-337-27,Privada,Edificada,En desuso,2089,Palacios esq. Gilberto Monroig,Villa Palmeras,,,ZU-G1,,,,-66.05081214,18.44472045
442,346,Santurce,041-072-337-26,Privada,Edificada,En desuso,246,Palacios,Villa Palmeras,,,ZU-R1,,,,-66.05083128,18.44482483
443,347,Santurce,041-062-340-52,Privada,Solar,En desuso,211,Palacios,Villa Palmeras,,,ZU-R1,,,,-66.05004151,18.446496
444,348,Santurce,041-063-343-09,Privada,Solar,En desuso,,Gautier Benítez esq. Henna,Villa Palmeras,,,ZU-R1,,,,-66.04939514,18.44630717
445,349,Santurce,041-063-344-37,Privada,Edificada,En desuso,257,Gautier Benítez,Villa Palmeras,,,ZU-R1,,,,-66.04954949,18.44588459
446,350,Santurce,041-073-344-21,Privada,Solar,En desuso,2101,Gautier Benítez esq. Gilberto Monroig,Villa Palmeras,,,ZU-G1,,,,-66.05005395,18.44452506
447,351,Santurce,041-072-341-13,Privada,Solar,En desuso,324,Gautier Benítez,Villa Palmeras,,,ZU-R1,,,,-66.0507039,18.44358275
448,352,Santurce,041-072-345-23,Privada,Solar,En desuso,329,Gautier Benítez,Villa Palmeras,,,ZU-R1,,,,-66.05055713,18.44316397
449,353,Santurce,041-063-347-01,Privada,Solar,En desuso,329B,Gautier Benítez,Villa Palmeras,,,,,,,-66.04876702,18.44666054
450,354,Santurce,041-072-342-06,Privada,Edificada,En desuso,354,Gautier Benítez,Villa Palmeras,,,ZU-R1,,,,-66.0510906,18.44248664
451,355,Santurce,041-072-342-12,Privada,Edificada,En desuso,366,Gautier Benítez,Villa Palmeras,,,ZU-R1,,,,-66.0512771,18.44197452
452,356,Santurce,041-082-346-23,Privada,Edificada,En desuso,383,Gautier Benítez,Villa Palmeras,,,ZU-R1,,,,-66.05123074,18.4413763
453,357,Santurce,041-072-353-30,Privada,Edificada,En desuso,369,Vizcarrondo,Villa Palmeras,,,ZU-R1,,,,-66.05060036,18.44183488
454,358,Santurce,041-072-342-10,Privada,Edificada,En desuso,364,Vizcarrondo,Villa Palmeras,,,ZU-R1,,,,-66.05121774,18.44214523
455,359,Santurce,041-072-342-09,Privada,Edificada,En desuso,362,Vizcarrondo,Villa Palmeras,,,ZU-R1,,,,-66.05118672,18.44222199
456,360,Santurce,041-072-346-07,Privada,Edificada,En desuso,358,Vizcarrondo,Villa Palmeras,,,ZU-R1,,,,-66.05075798,18.44217438
457,361,Santurce,041-072-346-02,Privada,Edificada,En desuso,,Vizcarrondo esq. Barbosa,Villa Palmeras,,,ZU-R2,,,,-66.05063773,18.44251818
458,362,Santurce,041-072-345-18,Privada,Edificada,En desuso,,Vizcarrondo esq. Barbosa,Villa Palmeras,,,ZU-R2,,,,-66.05054151,18.44280999
459,363,Santurce,041-072-351-18,Privada,Edificada,En desuso,,Vizcarrondo esq. Gilberto Monroig,Villa Palmeras,,,ZU-R2,,,,-66.05035194,18.4427135
460,364,Santurce,041-073-349-21,Privada,Edificada,En desuso,,Vizcarrondo esq. Gilberto Monroig,Villa Palmeras,,,ZU-G1,,,,-66.04966196,18.44444502
461,365,Santurce,041-063-349-08,Privada,Edificada,En desuso,265,Vizcarrondo,Villa Palmeras,,,ZU-R1,,,,-66.04927664,18.44541046
462,366,Santurce,041-063-349-02,Privada,Solar,En desuso,253,Vizcarrondo,Villa Palmeras,,,ZU-R1,,,,-66.04906893,18.44593121
463,367,Santurce,041-063-348-07,Privada,Edificada,En desuso,212,Colton,Villa Palmeras,,,ZU-R1,,,,-66.04861127,18.44618214
464,368,Santurce,041-063-355-38,Privada,Solar,En desuso,255,Colton,Villa Palmeras,,,ZU-R1,,,,-66.04856443,18.44559086
465,369,Santurce,041-063-350-11,Privada,Solar,En desuso,270,Colton,Villa Palmeras,,,ZU-R1,,,,-66.04906627,18.44509533
466,370,Santurce,041-073-355-25,Privada,Solar,En desuso,283,Colton,Shangay,,,ZU-R1,,,,-66.04903071,18.44445541
467,371,Santurce,041-073-350-19,Privada,Solar,En desuso,284,Colton,Shangay,,,ZU-G1,,,,-66.04930479,18.44451493
468,372,Santurce,041-073-356-23,Privada,Solar,En desuso,331,Colton,Shangay,,,ZU-R1,,,,-66.04977592,18.44262576
469,373,Santurce,041-082-353-12,Privada,Solar,En desuso,142,Colton,Shangay,,,ZU-R1,,,,-66.05049368,18.44162293
470,374,Santurce,041-082-357-14,Privada,Edificada,En desuso,378,Pellín Rodríguez,Shangay,,,ZU-G1,,,,-66.05017583,18.44117607
471,375,Santurce,041-082-357-16,Privada,Solar,En desuso,376,Pellín Rodríguez,Shangay,,,ZU-G1,,,,-66.05024384,18.44101343
472,376,Santurce,041-083-362-11,Privada,Solar,En desuso,381,Pellín Rodríguez,Shangay,,,ZU-R1,,,,-66.04964175,18.44133861
473,377,Santurce,041-073-361-21,Privada,Edificada,En desuso,364,Pellín Rodríguez,Shangay,,,ZU-R2,,,,-66.04930705,18.4421833
474,378,Santurce,041-073-361-36,Privada,Solar,En desuso,313,Pellín Rodríguez,Shangay,,,ZU-G1,,,,-66.04897991,18.44343806
475,379,Santurce,041-073-356-09,Privada,Solar,En desuso,318,Pellín Rodríguez,Shangay,,,ZU-G1,,,,-66.04932241,18.44328967
476,380,Santurce,041-073-356-16,Privada,Solar,En desuso,328,Pellín Rodríguez,Shangay,,,ZU-G1,,,,-66.04956027,18.44270536
477,381,Santurce,041-073-361-19,Privada,Solar,En desuso,335,Pellín Rodríguez,Shangay,,,ZU-R1,,,,-66.04924091,18.44235004
478,382,Santurce,041-073-364-24,Privada,Solar,En desuso,337,Buenaventura,Shangay,,,ZU-R1,,,,-66.04900224,18.44224192
479,383,Santurce,041-073-361-03,Privada,Edificada,En desuso,310,Buenaventura,Shangay,,,ZU-R1,,,,-66.04870082,18.44371434
480,384,Santurce,041-073-361-06,Privada,Solar,En desuso,302,Buenaventura,Shangay,,,ZU-R1,,,,-66.04880193,18.44345846
481,385,Santurce,041-073-364-04,Privada,Edificada,En desuso,306,Rafael Cepeda,Shangay,,,ZU-R1,,,,-66.04835847,18.44345305
482,386,Santurce,041-073-368-08,Privada,Solar,En desuso,314,Rafael Cepeda,Shangay,,,ZU-R1,,,,-66.04807642,18.44303955
483,387,Santurce,041-073-364-14,Privada,Solar,En desuso,326,Rafael Cepeda,Shangay,,,ZU-R1,,,,-66.04868661,18.44261036
484,388,Santurce,041-073-368-20,Privada,Edificada,En desuso,335,Rafael Cepeda,Shangay,,,ZU-R1,,,,-66.04862541,18.44204872
485,389,Santurce,041-083-369-17,Privada,Edificada,En desuso,351,Rafael Cepeda,Shangay,,,ZU-R1,,,,-66.04874072,18.44171945
486,390,Santurce,041-083-369-15,Privada,Edificada,En desuso,353,Rafael Cepeda,Shangay,,,ZU-R1,,,,-66.04880717,18.44155508
487,391,Santurce,041-083-365-06,Privada,Solar,En desuso,354,Rafael Cepeda,Shangay,,,ZU-R1,,,,-66.04911414,18.44149136
488,392,Santurce,041-083-365-08,Privada,Edificada,En desuso,364,Rafael Cepeda,Shangay,,,ZU-R1,,,,-66.04917457,18.44131834
489,393,Santurce,041-083-369-19,Privada,Edificada,En desuso,373,Rafael Cepeda,Shangay,,,ZU-R1,,,,-66.04903215,18.44096545
490,394,Santurce,041-083-365-14,Privada,Edificada,En desuso,376,Rafael Cepeda,Shangay,,,ZU-R1,,,,-66.04937785,18.44079762
491,395,Santurce,041-083-369-03,Privada,Solar,En desuso,385,Rafael Cepeda,Shangay,,,ZU-G2,,,,-66.04926354,18.44036508
492,396,Santurce,041-083-365-19,Privada,Edificada,En desuso,,Rafael Cepeda esq. Eduerdo Conde,Shangay,,,ZU-G2,,,,-66.04955019,18.44034849
493,397,Santurce,041-083-635-53,Privada,Solar,En desuso,A2,Karla Michelle,Shangay,,,ZU-R1,,,,-66.04872926,18.44022933
494,398,Santurce,041-083-382-28,Privada,Edificada,En desuso,,Karla Michelle ,Shangay,,,ZU-R1,,,,-66.04821519,18.44077342
495,399,Santurce,041-083-382-11,Privada,Solar,En desuso,,Karla Michelle ,Shangay,,,ZU-R1,,,,-66.04789118,18.44100555
496,400,Santurce,041-073-376-09,Privada,Edificada,En desuso,314,Karla Michelle,Shangay,,,ZU-R1,,,,-66.04728554,18.44256799
497,401,Santurce,041-073-372-21,Privada,Edificada,En desuso,317,Nuñez Prieto,Shangay,,,ZU-R1,,,,-66.04799252,18.44253464
498,402,Santurce,041-073-368-38,Privada,Solar,En desuso,318,Nuñez Prieto,Shangay,,,ZU-R1,,,,-66.04819665,18.44272328
499,403,Santurce,041-073-372-30,Privada,Solar,En desuso,307,Nuñez Prieto,Shangay,,,ZU-R1,,,,-66.04777159,18.44314892
500,404,Santurce,041-073-367-21,Privada,Edificada,En desuso,2157,Nuñez Prieto,Shangay,,,ZU-R1,,,,-66.04782799,18.4437191
501,405,Santurce,041-073-371-42,Privada,Edificada,En desuso,275,Nuñez Prieto,Shangay,,,ZU-R1,,,,-66.04731902,18.44422193
502,406,Santurce,041-073-367-08,Privada,Solar,En desuso,266,Nuñez Prieto,Shangay,,,ZU-R1,,,,-66.04740471,18.44476908
503,407,Santurce,041-063-367-06,Privada,Edificada,En desuso,260,Nuñez Prieto,Shangay,,,ZU-R1,,,,-66.04735599,18.44490344
504,408,Santurce,041-063-370-18,Privada,Edificada,En desuso,223,Nuñez Prieto,Shangay,,,ZU-R1,,,,-66.04697034,18.44539136
505,409,Santurce,041-063-370-19,Privada,Edificada,En desuso,221,Nuñez Prieto,Shangay,,,ZU-R1,,,,-66.04694805,18.44546325
506,410,Santurce,041-063-370-22,Privada,Edificada,En desuso,217,Nuñez Prieto,Shangay,,,ZU-R1,,,,-66.04689029,18.44565407
507,411,Santurce,041-063-370-27,Privada,Solar,En desuso,214,Nuñez Prieto,Shangay,,,ZU-R1,,,,-66.04677627,18.44596108
508,412,Santurce,041-063-366-09,Privada,Solar,En desuso,205,Nuñez Prieto,Shangay,,,ZU-R1,,,,-66.047072,18.44573729
509,413,Santurce,041-063-366-04,Privada,Solar,En desuso,204,Nuñez Prieto,Shangay,,,ZU-R1,,,,-66.04695482,18.44609746
510,414,Santurce,041-063-366-01,Privada,Solar,En desuso,200,Nuñez Prieto,Shangay,,,ZU-R1,,,,-66.04704169,18.44624502
511,415,Santurce,041-063-373-20,Privada,Solar,En desuso,219,Amparo,Shangay,,,ZU-R1,,,,-66.04661464,18.44557467
512,416,Santurce,041-063-371-01,Privada,Edificada,En desuso,264,Río Grande,Shangay,,,ZU-R1,,,,-66.04694295,18.44487954
513,417,Santurce,041-073-378-22,Privada,Edificada,En desuso,294,Karla Michelle,Shangay,,,ZU-R1,,,,-66.04655979,18.44324772
514,418,Santurce,041-073-375-18,Privada,Edificada,En desuso,278,Karla Michelle,Shangay,,,ZU-R1,,,,-66.04677224,18.44390558
516,419,Santurce,041-063-380-61,Privada,Solar,En desuso,208,Merhoff,Shangay,,,ZU-R1,,,,-66.04525509,18.44563011
517,420,Santurce,041-063-384-22,Privada,Edificada,En desuso,214,Merhoff,Shangay,,,ZU-R1,,,,-66.04518312,18.44528899
518,421,Santurce,041-063-384-21,Privada,Edificada,En desuso,217,Merhoff,Shangay,,,ZU-R1,,,,-66.04521557,18.44519418
519,422,Santurce,041-073-380-72,Privada,Edificada,En desuso,224,Merhoff,Shangay,,,ZU-R1,,,,-66.04561799,18.4446304
520,423,Santurce,041-073-381-04,Privada,Solar,En desuso,304,Merhoff,Shangay,,,ZU-R1,,,,-66.04633711,18.44265233
521,424,Santurce,041-073-387-36,Privada,Edificada,En desuso,315,Merhoff,Shangay,,,ZU-R1,,,,-66.04631891,18.44198597
522,425,Santurce,041-083-387-31,Privada,Edificada,En desuso,329,Merhoff,Shangay,,,ZU-R1,,,,-66.0464647,18.44156076
523,426,Santurce,041-073-381-15,Privada,Edificada,En desuso,330,Merhoff,Shangay,,,ZU-R1,,,,-66.04668165,18.44171969
524,427,Santurce,041-083-381-18,Privada,Edificada,En desuso,348,Merhoff,Shangay,,,ZU-R1,,,,-66.04676525,18.44148918
525,428,Santurce,041-083-381-19,Privada,Edificada,En desuso,350,Merhoff,Shangay,,,ZU-R1,,,,-66.04679702,18.44140182
526,429,Santurce,041-083-381-20,Privada,Edificada,En desuso,352,Merhoff,Shangay,,,ZU-R1,,,,-66.04682952,18.44131085
527,430,Santurce,041-083-383-11,Privada,Edificada,En desuso,370,Merhoff,Shangay,,,ZU-R1,,,,-66.04733444,18.43994681
528,431,Santurce,041-083-388-26,Privada,Edificada,En desuso,375,Merhoff,Shangay,,,ZU-R1,,,,-66.04712122,18.43967868
529,432,Santurce,041-083-394-17,Privada,Edificada,En desuso,,Bartolomé de las Casas esq. Eduardo Conde,Shangay,,,ZU-G2,,,,-66.04686936,18.43907985
530,433,Santurce,041-083-394-18,Privada,Edificada,En desuso,301,Bartolomé de las Casas,Shangay,,,ZU-R1,,,,-66.04677704,18.43919301
531,434,Santurce,041-083-387-18,Privada,Edificada,En desuso,332,Bartolomé de las Casas,Shangay,,,ZU-R1,,,,-66.0463873,18.44129376
532,435,Santurce,041-083-393-35,Privada,Edificada,En desuso,333,Bartolomé de las Casas,Shangay,,,ZU-R1,,,,-66.04611422,18.44128913
533,436,Santurce,041-073-617-01,Privada,Edificada,En desuso,285,Bartolomé de las Casas,Shangay,,,ZU-R1,,,,-66.04517274,18.4436315
534,437,Santurce,041-073-617-01,Privada,Edificada,En desuso,281,Bartolomé de las Casas,Shangay,,,ZU-R1,,,,-66.04517274,18.4436315
535,438,Santurce,041-073-617-03,Privada,Solar,En desuso,279,Bartolomé de las Casas,Shangay,,,ZU-R1,,,,-66.04553475,18.44316108
536,439,Santurce,041-073-386-05,Privada,Edificada,En desuso,274,Bartolomé de las Casas,Shangay,,,ZU-R1,,,,-66.04570962,18.4433151
537,440,Santurce,041-073-386-01,Privada,Edificada,En desuso,269,Bartolomé de las Casas,Shangay,,,ZU-R1,,,,-66.04566596,18.44368185
538,441,Santurce,041-073-384-12,Privada,Edificada,En desuso,224,Bartolomé de las Casas,Shangay,,,ZU-R1,,,,-66.04522853,18.44473714
539,442,Santurce,041-063-391-01,Privada,Edificada,En desuso,221,Bartolomé de las Casas,Shangay,,,ZU-R1,,,,-66.04466008,18.44528881
540,443,Santurce,041-071-414-06,Privada,Edificada,En desuso,175,San Mateo,Sagrado Corazón,,,ZU-R1,,,,-66.06215266,18.44380916
541,444,Santurce,041-071-417-51,Privada,Solar,En desuso,1756,San Mateo,Sagrado Corazón,,,ZU-R1,,,,-66.06165568,18.44348941
542,445,Santurce,041-071-417-65,Privada,Edificada,En desuso,,San Mateo esq. El Bosque y Julián Pesante,Sagrado Corazón,,,ZU-R1,,,,-66.061333,18.44345634
543,446,Santurce,041-071-419-18,Privada,Edificada,En desuso,,Julián Pesante esq. El Bosque,Sagrado Corazón,,,ZU-R1,,,,-66.06094354,18.44349529
544,447,Santurce,041-071-419-22,Privada,Solar,En desuso,1854,Hernández,Sagrado Corazón,,,ZU-R1,,,,-66.0608606,18.44359428
545,448,Santurce,041-071-419-25,Privada,Solar,En desuso,1860,Hernández,Sagrado Corazón,,,ZU-R1,,,,-66.06061465,18.44354394
546,449,Santurce,041-071-419-29,Privada,Solar,En desuso,,Hernández ,Sagrado Corazón,,,ZU-R1,,,,-66.06036007,18.44354638
547,450,Santurce,041-071-419-30,Privada,Edificada,En desuso,,Hernández,Sagrado Corazón,,,ZU-R1,,,,-66.06033605,18.44368595
548,451,Santurce,041-071-419-44,Privada,Solar,En desuso,405,Julián Pesante,Sagrado Corazón,,,ZU-R1,,,,-66.06075961,18.44398658
549,452,Santurce,041-071-419-01,Privada,Solar,En desuso,401,Julián Pesante,Sagrado Corazón,,,ZU-G2,,,,-66.0606898,18.44418653
550,453,Santurce,041-071-419-04,Privada,Edificada,En desuso,1856,Eduardo Conde  ,Sagrado Corazón,,,ZU-G2,,,,-66.06037808,18.4440144
551,454,Santurce,041-071-417-82,Privada,Edificada,En desuso,448,Barbe,Sagrado Corazón,,,ZU-R1,,,,-66.06071884,18.44301455
552,455,Santurce,041-081-422-18,Privada,Edificada,En desuso,517,Barbe,Sagrado Corazón,,,ZU-R1,,,,-66.06084705,18.44136118
553,456,Santurce,041-071-608-21,Privada,Edificada,En desuso,413,Bouret,Sagrado Corazón,,,ZU-R1,,,,-66.05986422,18.44322577
554,457,Santurce,041-071-608-20,Privada,Edificada,En desuso,451,Bouret,Sagrado Corazón,,,ZU-R1,,,,-66.05989274,18.44311799
555,458,Santurce,041-081-608-05,Privada,Edificada,En desuso,517,Bouret,Sagrado Corazón,,,ZU-R1,,,,-66.06034617,18.44133285
556,459,Santurce,041-081-426-02,Privada,Edificada,En desuso,,San Antonio,Sagrado Corazón,,,ZU-G1,,,,-66.05940085,18.43913795
557,460,Santurce,041-081-424-21,Privada,Edificada,En desuso,522,Sagrado Corazón,Sagrado Corazón,,,ZU-G1,,,,-66.05919165,18.43932374
558,461,Santurce,041-081-424-16,Privada,Edificada,En desuso,512,Sagrado Corazón,Sagrado Corazón,,,ZU-R1,,,,-66.05860345,18.43976975
559,462,Santurce,041-081-424-04,Privada,Edificada,En desuso,462,Sagrado Corazón,Sagrado Corazón,,,ZU-R1,,,,-66.05726347,18.44078361
560,463,Santurce,041-082-456-13,Privada,Solar,En desuso,2067,Sagrado Corazón,Barrio Obrero,,,ZU-R1,,,,-66.053142,18.44161587
561,464,Santurce,041-082-456-23,Privada,Solar,En desuso,2071,Sagrado Corazón,Barrio Obrero,,,ZU-R1,,,,-66.0529452,18.44157087
562,465,Santurce,063-001-552-18,Privada,Solar,En desuso,728,Brazil,Barrio Obrero,,,ZU-R1,,,,-66.05807274,18.43428005
563,466,Santurce,063-001-552-19,Privada,Solar,En desuso,726,Brazil,Barrio Obrero,,,ZU-R1,,,,-66.05807626,18.43421254
564,467,Santurce,063-001-553-09,Privada,Solar,En desuso,704,Argentina,Barrio Obrero,,,ZU-R1,,,,-66.05767368,18.43523113
565,468,Santurce,063-001-555-40,Privada,Solar,En desuso,716,5,Barrio Obrero,,,ZU-R1,,,,-66.05716792,18.43480475
566,469,Santurce,063-001-555-38,Privada,Solar,En desuso,722,5,Barrio Obrero,,,ZU-R1,,,,-66.05721408,18.43457295
567,470,Santurce,063-001-555-36,Privada,Solar,En desuso,724,5,Barrio Obrero,,,ZU-R1,,,,-66.05726481,18.43432721
568,471,Santurce,041-091-513-14,Privada,Edificada,En desuso,659,7,Barrio Obrero,,,ZU-R1,,,,-66.05626978,18.43569489
569,472,Santurce,063-001-557-24,Privada,Solar,En desuso,705,7,Barrio Obrero,,,ZU-R1,,,,-66.05635446,18.43499754
570,473,Santurce,063-001-557-23,Privada,Solar,En desuso,707,7,Barrio Obrero,,,ZU-R1,,,,-66.05637469,18.43491104
571,474,Santurce,063-001-557-22,Privada,Solar,En desuso,709,7,Barrio Obrero,,,ZU-R1,,,,-66.05639154,18.43482411
572,475,Santurce,063-001-557-21,Privada,Solar,En desuso,711,7,Barrio Obrero,,,ZU-R1,,,,-66.0564213,18.43473477
573,476,Santurce,063-001-556-10,Privada,Solar,En desuso,710,7,Barrio Obrero,,,ZU-R1,,,,-66.05668113,18.43443825
574,477,Santurce,063-001-556-12,Privada,Edificada,En desuso,714,7,Barrio Obrero,,,ZU-R1,,,,-66.05669883,18.43428615
575,478,Santurce,063-001-558-23,Privada,Edificada,En desuso,717,8,Barrio Obrero,,,ZU-R1,,,,-66.05616806,18.43409638
576,479,Santurce,041-092-515-05,Privada,Edificada,En desuso,652,9,Barrio Obrero,,,ZU-R1,,,,-66.05569819,18.43580716
577,480,Santurce,041-092-515-05,Privada,Edificada,En desuso,654,9,Barrio Obrero,,,ZU-R1,,,,-66.05569819,18.43580716
578,481,Santurce,041-092-518-05,Privada,Edificada,En desuso,652,10,Barrio Obrero,,,ZU-R1,,,,-66.05524864,18.43574123
579,482,Santurce,063-002-560-82,Privada,Edificada,En desuso,723,10,Barrio Obrero,,,ZU-R1,,,,-66.05537666,18.43384829
580,483,Santurce,063-002-559-28,Privada,Solar,En desuso,734,10,Barrio Obrero,,,ZU-R1,,,,-66.05567738,18.43348775
581,484,Santurce,063-002-559-34,Privada,Edificada,En desuso,744,10,Barrio Obrero,,,ZU-R1,,,,-66.05575903,18.43310836
582,485,Santurce,063-002-560-44,Privada,Solar,En desuso,734,11,Barrio Obrero,,,ZU-R1,,,,-66.05518711,18.43365364
583,486,Santurce,063-002-561-64,Privada,Edificada,En desuso,734,12,Barrio Obrero,,,ZU-R1,,,,-66.05506224,18.43316023
584,487,Santurce,063-002-562-62,Privada,Edificada,En desuso,744,12,Barrio Obrero,,,ZU-R1,,,,-66.05485188,18.43261137
585,488,Santurce,063-002-562-61,Privada,Solar,En desuso,746,12,Barrio Obrero,,,ZU-R1,,,,-66.05487199,18.43251661
586,489,Santurce,063-002-563-61,Privada,Edificada,En desuso,738,14,Barrio Obrero,,,ZU-R1,,,,-66.05415486,18.43302562
587,490,Santurce,063-002-564-34,Privada,Edificada,En desuso,739,14,Barrio Obrero,,,ZU-R1,,,,-66.05389732,18.43313433
588,491,Santurce,063-002-564-18,Privada,Solar,En desuso,720,15,Barrio Obrero,,,ZU-R1,,,,-66.05359832,18.43369753
589,492,Santurce,063-002-565-28,Privada,Edificada,En desuso,719,15,Barrio Obrero,,,ZU-R1,,,,-66.05334783,18.43360254
590,493,Santurce,063-002-566-13,Privada,Solar,En desuso,703,Gautier Benítez,Barrio Obrero,,,ZU-R1,,,,-66.05286904,18.43411648
591,494,Santurce,063-002-569-12,Privada,Edificada,En desuso,708,El Faro,Barrio Obrero,,,ZU-R1,,,,-66.05171112,18.43366544
592,495,Santurce,063-002-570-13,Privada,Edificada,En desuso,714,San Ciprián,Barrio Obrero,,,ZU-R1,,,,-66.05127828,18.43332289
593,496,Santurce,063-002-571-35,Privada,Edificada,En desuso,721,San Ciprián,Barrio Obrero,,,ZU-R1,,,,-66.05109612,18.43314927
594,497,Santurce,063-002-572-21,Privada,Edificada,En desuso,713,Webb,Barrio Obrero,,,ZU-R1,,,,-66.05071586,18.43324254
595,498,Santurce,063-002-541-24,Privada,Edificada,En desuso,621,Webb,Barrio Obrero,,,ZU-R1,,,,-66.05027083,18.43457118
